RecordDate;Duration_sec;ISO-3;Language;physical_contact__1;physical_contact__2;physical_contact__3;physical_contact__4;physical_contact__5;physical_hygiene__1;physical_hygiene__2;physical_hygiene__3;physical_hygiene__4;physical_hygiene__5;policy_support__1;policy_support__2;policy_support__3;policy_support__4;policy_support__5;generosity__1;generosity__2;generosity__3;SUM_GEN;psych_wellbeing1;psych_wellbeing2;collective_narcis__1;collective_narcis__2;collective_narcis__3;national_identity__1;national_identity__2;Conspiracy_theories__1;Conspiracy_theories__2;Conspiracy_theories__3;Conspiracy_theories__4;open_mindedness__1;open_mindedness__2;open_mindedness__3;open_mindedness__4;open_mindedness__5;open_mindedness__6;morality_as_cooperat_1;morality_as_cooperat_2;morality_as_cooperat_3;morality_as_cooperat_4;morality_as_cooperat_5;morality_as_cooperat_6;morality_as_cooperat_7;trait_optimism_1;trait_optimism_2;social_belonging__1;social_belonging__2;social_belonging__3;social_belonging__4;trait_self.control__1;trait_self.control__2;trait_self.control__3;trait_self.control__4;Self.esteem;Narcissism__1;Narcissism__2;Narcissism__3;Narcissism__4;Narcissism__5;Narcissism__6;Moral_ID__1;Moral_ID__2;Moral_ID__3;Moral_ID__4;Moral_ID__5;Moral_ID__6;Moral_ID__7;Moral_ID__8;Moral_ID__9;Moral_ID__10;risk_perception__1;risk_perception__2;political_ideology;moral_circle;health_cond;CRT1;CRT2;CRT3;sex;sex_other;age;marit_status;children;employ_status;employ_status_other;Ladder;urban;tested_positive;know_tested_positive;AttCheck_nobots;AttCheck2
13/05/2020 19:23;482;ARE;EN;NA;NA;NA;NA;NA;NA;NA;NA;NA;NA;NA;NA;NA;NA;NA;0;0;100;;NA;NA;NA;NA;NA;NA;NA;NA;NA;NA;NA;NA;NA;NA;NA;NA;NA;NA;NA;NA;NA;NA;NA;NA;NA;NA;NA;NA;NA;NA;NA;NA;NA;NA;NA;NA;NA;NA;NA;NA;NA;NA;NA;NA;NA;NA;NA;NA;NA;NA;NA;NA;NA;5;NA;NA;;;;NA;;NA;NA;NA;NA;;NA;NA;NA;NA;;NA
13/05/2020 19:27;21;ARE;EN;NA;NA;NA;NA;NA;NA;NA;NA;NA;NA;NA;NA;NA;NA;NA;NA;NA;NA;;NA;NA;NA;NA;NA;NA;NA;NA;NA;NA;NA;NA;NA;NA;NA;NA;NA;NA;NA;NA;NA;NA;NA;NA;NA;NA;NA;NA;NA;NA;NA;NA;NA;NA;NA;NA;NA;NA;NA;NA;NA;NA;NA;NA;NA;NA;NA;NA;NA;NA;NA;NA;NA;NA;NA;NA;;;;NA;;NA;NA;NA;NA;;NA;NA;NA;NA;;NA
13/05/2020 19:27;3;ARE;EN;NA;NA;NA;NA;NA;NA;NA;NA;NA;NA;NA;NA;NA;NA;NA;NA;NA;NA;;NA;NA;NA;NA;NA;NA;NA;NA;NA;NA;NA;NA;NA;NA;NA;NA;NA;NA;NA;NA;NA;NA;NA;NA;NA;NA;NA;NA;NA;NA;NA;NA;NA;NA;NA;NA;NA;NA;NA;NA;NA;NA;NA;NA;NA;NA;NA;NA;NA;NA;NA;NA;NA;NA;NA;NA;;;;NA;;NA;NA;NA;NA;;NA;NA;NA;NA;;NA
13/05/2020 19:28;3;ARE;EN;NA;NA;NA;NA;NA;NA;NA;NA;NA;NA;NA;NA;NA;NA;NA;NA;NA;NA;;NA;NA;NA;NA;NA;NA;NA;NA;NA;NA;NA;NA;NA;NA;NA;NA;NA;NA;NA;NA;NA;NA;NA;NA;NA;NA;NA;NA;NA;NA;NA;NA;NA;NA;NA;NA;NA;NA;NA;NA;NA;NA;NA;NA;NA;NA;NA;NA;NA;NA;NA;NA;NA;NA;NA;NA;;;;NA;;NA;NA;NA;NA;;NA;NA;NA;NA;;NA
13/05/2020 19:32;4;ARE;EN;NA;NA;NA;NA;NA;NA;NA;NA;NA;NA;NA;NA;NA;NA;NA;NA;NA;NA;;NA;NA;NA;NA;NA;NA;NA;NA;NA;NA;NA;NA;NA;NA;NA;NA;NA;NA;NA;NA;NA;NA;NA;NA;NA;NA;NA;NA;NA;NA;NA;NA;NA;NA;NA;NA;NA;NA;NA;NA;NA;NA;NA;NA;NA;NA;NA;NA;NA;NA;NA;NA;NA;NA;NA;NA;;;;NA;;NA;NA;NA;NA;;NA;NA;NA;NA;;NA
13/05/2020 21:08;4578;ARE;EN;10;1;10;7;9;10;10;10;10;9;10;10;10;10;8;80;15;5;;8;6;9;1;2;5;7;5;5;5;5;0;10;10;10;0;0;0;0;2;0;8;2;8;10;10;8;8;8;10;4;7;8;10;9;7;9;0;9;9;8;10;10;6;0;7;7;0;10;10;10;50;50;4;16;10;50;300 minutes;4 hours;1;;28;2;0;1;;5;1;1;2;213;0
13/05/2020 22:07;3847;ARE;EN;10;0;0;10;10;10;10;10;10;10;0;0;0;0;10;70;20;10;;7;6;0;1;0;0;0;0;0;0;0;0;10;10;10;0;10;8;10;6;6;4;10;0;10;10;10;10;10;10;9;10;0;0;6;0;0;0;0;6;10;10;10;0;0;10;8;0;0;7;10;10;50;3;14;10;25;300minutes;4hours;1;;24;1;0;2;;5;1;1;1;213;0
14/05/2020 12:04;1748;ARE;EN;8;4;7;8;10;8;7;10;10;9;8;9;10;8;9;20;50;30;;5;6;8;6;8;8;5;5;6;5;5;2;9;9;9;1;2;7;4;5;6;2;7;6;6;10;6;7;7;10;6;6;8;7;7;1;8;4;10;9;5;9;8;5;0;8;7;0;8;7;10;50;70;4;7;6;50 cents;300 patients;;1;;28;2;1;2;;6;1;1;2;213;0
14/05/2020 13:54;3860;ARE;EN;10;0;8;9;10;6;6;8;8;6;8;1;5;9;6;40;40;20;;5;9;10;9;10;10;10;5;5;5;5;1;10;9;10;8;8;10;9;9;9;8;9;9;10;10;8;1;10;10;8;8;5;6;8;2;10;1;10;10;5;10;9;1;0;5;1;1;8;9;9;30;80;9;1;10;50cents;5 hours;16 hours;2;;26;2;0;1;;6;1;1;2;213;0
14/05/2020 14:37;955;ARE;EN;10;1;10;10;10;10;10;10;10;8;10;10;NA;10;10;0;50;50;;5;6;5;4;3;5;7;5;1;5;5;4;10;10;8;5;6;6;6;7;5;5;7;5;9;9;9;10;10;10;7;7;6;4;8;6;6;1;4;5;0;NA;NA;NA;NA;NA;NA;NA;NA;NA;NA;10;50;6;1;6;;;;2;;26;1;0;1;;3;1;1;1;213;7
14/05/2020 15:47;2925;ARE;EN;10;5;10;10;9;10;10;10;8;8;10;5;5;10;10;40;40;20;;6;6;10;10;10;8;10;10;10;10;10;5;10;10;10;2;1;10;10;10;9;9;5;1;10;10;10;10;10;10;7;8;1;1;10;5;6;8;8;5;5;5;10;10;10;5;10;0;10;10;10;0;100;5;10;10;50;3 minutes;4 hours;1;;27;1;1;3;;6;1;1;1;213;1
14/05/2020 20:47;1799;ARE;EN;9;1;10;10;10;10;10;10;10;10;10;10;10;10;10;40;50;10;;8;10;10;7;10;10;10;5;5;5;5;0;10;10;10;0;0;1;10;10;10;0;10;0;10;10;10;10;10;10;3;7;7;0;10;10;1;10;3;2;5;10;10;8;0;0;0;0;0;10;5;0;10;5;16;6;50;3;4;1;;29;2;1;1;;4;1;1;1;213;10
14/05/2020 23:01;33916;ARE;EN;10;0;5;10;10;10;10;10;1;3;10;10;10;10;10;40;30;30;;6;9;9;10;10;10;10;5;1;0;2;10;10;10;10;1;0;10;8;7;5;5;9;0;10;10;9;10;10;10;10;10;0;0;10;5;10;0;10;10;4;10;10;5;0;1;4;0;10;10;10;10;90;5;5;10;50;3 minutes;2 hours;2;;27;1;0;2;;6;2;1;2;213;0
14/05/2020 23:27;1350;ARE;EN;5;8;5;7;9;7;8;8;10;8;1;8;9;10;9;65;30;5;;7;8;6;7;5;10;10;5;6;6;6;2;9;9;10;6;1;8;9;10;8;5;7;1;10;9;10;10;9;10;7;8;7;1;9;3;4;1;6;7;1;8;8;4;7;4;4;2;4;4;5;0;20;6;1;8;49.5 cents;3 minutes;4.5 hours;1;;27;1;1;1;;7;1;1;1;213;0
14/05/2020 23:33;1518;ARE;EN;8;2;5;8;9;9;9;9;5;9;9;9;9;9;9;50;30;20;;9;8;10;9;10;10;9;9;9;5;5;9;10;10;10;9;9;7;7;4;7;7;7;7;8;9;8;8;10;10;8;9;5;4;8;8;9;2;8;4;4;10;10;9;0;9;7;1;9;9;10;50;50;6;7;7;50;3;16;2;;28;1;1;1;;7;2;1;2;213;0
15/05/2020 00:58;1280;ARE;EN;10;1;10;10;10;9;10;10;6;3;10;10;8;10;10;0;90;10;;7;7;1;0;0;0;1;4;4;0;3;0;10;10;10;0;0;0;1;7;8;9;1;9;9;7;8;8;9;9;7;9;2;0;9;2;2;1;0;5;0;9;9;0;0;7;9;0;5;2;5;90;90;5;10;9;50;300;4;2;;26;3;0;6;;5;1;2;2;213;6
15/05/2020 05:05;3986;ARE;EN;10;0;1;8;10;8;8;8;8;8;8;10;8;7;10;80;10;10;;8;5;5;5;5;10;8;9;5;6;5;2;9;9;9;0;0;1;0;0;0;0;9;0;10;10;7;7;7;9;9;9;1;0;8;2;8;5;1;0;10;10;10;8;0;10;9;0;8;8;10;0;0;6;16;10;15 cents;300 minutes;;2;;27;1;0;1;;6;1;1;1;213;0
15/05/2020 05:34;6489;ARE;EN;9;1;10;7;10;10;10;8;8;10;10;10;10;10;10;60;30;10;;7;7;9;8;7;9;9;1;1;1;1;6;10;10;10;0;1;10;9;9;9;8;8;10;9;8;7;8;8;7;9;8;6;2;8;6;8;1;9;7;2;10;10;9;1;8;9;1;5;10;10;40;60;7;1;8;50;300 minutes;Four hours;2;;28;1;0;1;;11;1;1;2;213;0
15/05/2020 06:39;1948;ARE;EN;9;4;9;10;10;9;10;10;9;10;10;10;10;10;10;30;50;20;;5;5;10;10;10;1;2;5;0;0;0;0;10;10;10;0;0;10;10;10;10;5;0;0;10;9;3;6;6;5;9;10;6;0;10;5;7;0;5;2;0;10;10;10;0;10;10;0;10;10;10;50;80;5;16;10;25;300 minutes;;1;;31;1;0;6;Artist;4;1;1;2;213;0
15/05/2020 07:48;3403;ARE;EN;5;2;7;6;10;9;9;9;6;9;8;10;10;10;10;70;20;10;;4;5;5;5;5;3;4;5;1;5;5;4;10;10;10;0;0;10;7;10;10;10;10;10;8;7;5;7;7;10;5;9;7;2;5;7;5;3;6;5;1;8;8;7;0;10;8;0;3;8;10;60;70;5;14;7;;300 minutes;;1;;30;1;0;6;Self employed;4;2;1;1;213;5
15/05/2020 11:48;1646;ARE;EN;10;0;10;9;10;10;10;10;10;10;8;8;8;8;6;20;50;30;;10;7;9;0;10;10;10;8;8;10;10;0;10;10;10;7;10;0;0;0;0;0;0;0;10;10;10;10;8;10;8;10;10;0;0;10;9;9;9;9;7;8;8;9;0;8;8;0;10;10;10;70;40;10;7;10;50;300;8;2;;30;2;1;6;Entrepreneur;4;1;1;2;213;0
15/05/2020 14:06;2584;ARE;EN;10;0;4;10;10;10;10;10;10;10;10;10;8;10;10;80;10;10;;4;3;5;5;5;0;0;5;5;5;5;2;10;10;10;0;0;8;2;8;10;4;5;10;5;9;10;10;3;9;1;3;8;6;1;5;5;2;2;2;0;10;10;NA;0;8;6;0;3;9;7;30;70;5;16;7;50;300;4;2;;27;2;0;6;Transitioning;6;1;1;2;213;0
17/05/2020 00:35;3011;ARE;EN;10;0;10;10;10;10;10;9;6;7;6;6;6;6;6;60;20;20;;7;6;6;4;6;8;9;4;4;4;4;10;10;10;10;0;3;7;7;10;6;4;7;1;10;7;7;7;7;7;10;10;0;0;10;0;7;0;10;10;0;9;10;7;0;10;8;0;7;6;8;10;20;4;9;10;50;300 minutes;;1;;24;2;0;1;;5;1;1;1;213;0
17/05/2020 03:28;1374;ARE;EN;10;0;10;8;10;7;10;9;6;10;8;8;8;8;8;85;10;5;;8;10;7;7;7;0;0;5;5;5;5;5;10;10;10;5;0;10;10;10;10;5;0;0;10;10;10;10;10;10;10;9;10;2;8;0;5;5;10;10;5;10;10;5;0;5;5;0;0;0;10;50;50;0;6;9;;;;1;;22;1;0;4;;NA;1;1;2;213;5
17/05/2020 12:35;3841;ARE;EN;0;10;10;9;10;9;10;10;0;9;9;10;9;2;8;50;30;20;;1;1;9;8;9;9;9;4;2;2;1;2;10;10;10;2;10;8;8;9;9;9;10;9;10;9;9;9;9;9;10;9;2;1;9;9;10;1;9;9;2;9;10;9;1;9;9;1;1;9;9;10;0;10;10;3;50 cents;900 minutes;2 hours;1;;25;1;0;3;;6;2;1;2;213;7
17/05/2020 17:17;1847;ARE;EN;10;0;10;10;10;10;10;10;10;4;10;10;10;10;10;25;25;50;;2;9;9;9;10;8;8;10;3;0;8;3;10;1;10;2;2;2;10;10;10;10;2;7;10;10;7;7;8;9;10;10;0;0;5;2;8;2;7;8;0;10;10;7;0;9;7;0;8;10;10;0;60;10;10;10;50;900;5;2;;26;1;0;6;;6;1;1;1;213;10
18/05/2020 05:31;2470;ARE;EN;5;5;10;5;5;5;5;6;2;2;5;10;5;5;5;0;50;50;;5;6;10;0;7;5;9;5;5;5;5;5;0;10;10;5;3;9;10;8;9;10;10;10;8;9;5;5;5;7;5;5;5;2;9;5;5;0;5;8;0;10;9;10;0;10;8;0;10;7;10;0;10;5;16;5;50 cents;300 min;;1;;26;1;0;3;;6;1;1;1;213;0
18/05/2020 06:04;12882;ARE;EN;8;7;8;9;8;8;8;8;7;6;8;7;7;8;8;50;25;25;;7;8;8;9;8;7;9;5;5;5;5;8;8;8;8;5;1;8;8;8;8;5;7;8;8;8;8;8;9;8;8;8;1;1;5;7;8;6;8;7;5;8;8;8;1;8;8;1;5;8;9;0;10;5;10;9;Pen 50 cents;5 hours approximately to 300 minutes;;1;;24;1;0;3;;5;1;1;1;213;0
18/05/2020 07:03;2857;ARE;EN;10;2;9;8;10;9;9;10;8;9;10;10;9;9;10;60;30;10;;8;6;9;9;8;8;8;5;5;5;5;2;10;10;10;1;2;9;8;9;8;8;4;0;8;10;5;5;5;7;8;8;3;7;9;4;7;2;7;7;5;10;10;10;0;9;8;0;6;8;9;70;90;6;16;7;;;;2;;29;1;0;1;;6;1;1;1;213;7
18/05/2020 07:24;714;ARE;EN;3;9;6;8;9;8;8;8;2;8;8;8;7;8;8;30;20;50;;9;8;0;8;2;8;9;6;6;6;6;6;6;7;6;6;7;4;6;7;7;7;7;7;9;10;7;8;8;8;1;7;7;1;9;8;8;9;8;8;8;7;3;8;7;8;7;7;3;7;8;0;30;8;4;8;50;100;4;1;;28;1;0;3;;8;1;1;1;213;7
18/05/2020 14:37;19;ARE;EN;NA;NA;NA;NA;NA;NA;NA;NA;NA;NA;NA;NA;NA;NA;NA;NA;NA;NA;;NA;NA;NA;NA;NA;NA;NA;NA;NA;NA;NA;NA;NA;NA;NA;NA;NA;NA;NA;NA;NA;NA;NA;NA;NA;NA;NA;NA;NA;NA;NA;NA;NA;NA;NA;NA;NA;NA;NA;NA;NA;NA;NA;NA;NA;NA;NA;NA;NA;NA;NA;NA;NA;NA;NA;NA;;;;NA;;NA;NA;NA;NA;;NA;NA;NA;NA;;NA
18/05/2020 14:49;1105;ARE;EN;10;0;9;10;10;10;10;10;10;10;8;8;5;10;9;50;50;0;;8;6;0;NA;NA;9;1;1;1;1;NA;2;10;10;10;0;2;5;8;9;9;NA;9;10;9;9;8;5;7;8;3;7;3;2;9;NA;9;3;NA;NA;1;9;8;NA;0;8;8;0;7;9;6;70;80;NA;10;6;25;3 minutes;7;1;;26;1;0;1;;4;1;1;2;213;0
18/05/2020 23:44;875;ARE;EN;10;0;9;10;10;10;10;10;5;10;6;9;10;10;10;60;30;10;;8;8;8;7;10;10;10;6;1;6;7;6;5;7;8;7;7;10;6;6;7;10;10;10;10;6;10;10;10;10;7;7;8;5;10;7;8;0;8;8;2;7;9;10;10;9;10;10;8;8;10;20;20;8;6;7;1.5 cents;3 minutes;Every hour;1;;30;1;1;1;;11;1;1;2;213;8
19/05/2020 04:06;1451;ARE;EN;7;1;9;9;10;10;10;10;10;10;10;10;10;10;10;70;25;5;;3;4;8;7;5;10;9;9;NA;5;5;5;10;10;10;4;0;9;10;10;9;8;1;1;10;10;7;8;10;10;9;6;4;2;9;9;7;5;6;5;1;10;9;5;0;7;5;2;8;7;10;80;60;2;16;9;50;3 minutes;4;2;;23;2;0;3;;8;1;1;1;213;0
19/05/2020 04:29;6009;ARE;EN;7;4;7;2;3;3;3;10;6;10;3;3;0;6;3;70;15;15;;5;4;0;0;0;0;0;3;3;3;3;2;10;10;10;0;0;6;7;8;NA;3;7;3;7;10;10;10;10;7;8;10;1;3;7;4;7;3;7;7;0;10;10;2;0;8;8;0;6;6;NA;10;10;2;14;9;50;3 minutes;7 hr;2;;24;1;0;1;;6;1;1;1;213;0
19/05/2020 04:34;329135;ARE;EN;9;5;8;10;10;7;8;10;9;9;8;9;9;9;9;70;20;10;;8;6;5;5;5;10;5;5;5;5;5;5;10;9;10;1;1;5;9;8;8;7;10;3;9;9;8;9;8;8;8;8;2;1;9;2;7;5;8;7;7;10;9;5;1;7;8;1;7;8;10;40;70;5;8;8;50;900 minutes;4 hrs;2;;29;1;0;1;;6;1;1;2;213;7
19/05/2020 04:35;1710;ARE;EN;6;7;3;7;8;9;9;8;8;6;5;5;5;6;6;60;20;20;;10;9;7;6;6;7;8;5;5;5;5;10;7;8;7;5;5;8;9;7;8;5;8;10;9;10;8;10;10;9;8;7;6;6;7;7;9;2;9;7;5;10;10;8;2;7;6;0;7;8;9;50;50;6;6;9;50;300;4;1;;26;2;0;1;;4;1;1;1;213;0
19/05/2020 04:55;2915;ARE;EN;8;5;8;10;10;7;9;10;3;9;8;10;10;10;10;70;20;10;;6;6;8;7;8;9;9;5;5;5;5;2;9;9;10;2;3;9;9;10;10;8;NA;2;10;10;10;8;8;8;8;8;6;3;8;8;6;1;8;2;2;10;10;2;1;1;1;1;5;5;5;30;50;6;12;8;50;9004;2;2;;27;1;0;1;;10;1;1;2;Two hundred and thirteen;7
19/05/2020 05:31;2648;ARE;EN;10;0;5;9;9;8;8;9;9;10;10;8;8;8;9;50;30;20;;5;4;10;4;10;8;9;5;1;5;5;10;1;10;10;7;9;8;9;5;4;8;9;2;9;10;7;9;9;10;9;10;1;7;8;8;4;5;8;1;7;8;10;6;0;9;9;0;8;9;10;60;80;9;10;8;50;90000;;1;;26;2;0;3;;6;1;1;1;213;0
19/05/2020 05:33;6282;ARE;EN;8;6;8;8;10;10;10;10;7;10;1;1;1;1;1;50;40;10;;7;5;4;4;4;4;4;4;4;5;5;5;10;10;10;0;5;8;8;10;7;7;8;9;8;10;7;7;8;8;9;8;3;1;8;4;4;4;4;4;2;1;10;5;0;7;2;0;8;8;10;40;40;9;16;8;50;300 minutes;4 hours;1;;26;2;0;1;;7;1;1;1;213;0
19/05/2020 06:05;983;ARE;EN;0;0;0;10;10;10;10;9;9;9;6;6;7;9;9;40;30;30;;10;6;8;8;8;0;1;6;NA;NA;NA;NA;NA;NA;NA;NA;NA;0;6;NA;6;5;4;6;0;5;7;9;9;9;7;7;6;1;8;10;9;0;8;8;0;6;6;6;6;6;6;5;5;NA;NA;20;40;3;1;10;;;;1;;28;1;NA;2;;1;1;2;1;213;6
19/05/2020 07:41;2259;ARE;EN;8;3;0;5;2;8;7;7;5;7;5;10;8;9;10;70;25;5;;7;8;8;8;9;7;7;8;5;9;9;6;8;8;10;7;8;5;6;5;6;5;6;6;5;8;8;7;8;9;5;9;8;1;7;4;8;8;8;8;5;6;8;5;2;6;5;2;6;9;8;20;60;5;11;10;50;300;;1;;33;3;1;1;;6;1;1;1;213;0
19/05/2020 07:50;1417;ARE;EN;10;2;9;9;10;9;8;10;9;10;9;9;9;9;10;65;20;15;;7;7;3;3;3;10;6;5;5;5;5;3;10;10;10;0;0;6;9;10;7;5;8;10;10;9;8;9;9;9;7;9;8;1;9;6;5;5;6;4;1;10;9;5;0;6;5;0;5;7;10;70;80;NA;14;6;25;3;7;2;;35;3;2;1;;5;1;1;1;213;0
19/05/2020 07:57;2697;ARE;EN;10;0;10;10;10;10;10;10;0;10;10;10;10;10;10;50;25;25;;0;10;0;2;2;0;0;4;10;0;0;0;10;10;10;0;10;8;9;10;8;0;0;8;10;8;10;10;8;10;9;10;7;0;10;0;10;0;10;7;8;10;10;10;5;10;10;0;0;10;10;80;80;7;14;8;50;1 minitues;4 hours;1;;31;3;1;2;;4;1;1;1;213;10
19/05/2020 08:20;14883;ARE;EN;10;0;6;10;10;10;10;10;0;0;10;10;10;10;10;50;30;20;;0;5;10;10;7;7;10;7;7;7;7;0;10;10;10;0;2;6;5;5;5;5;5;5;8;10;8;7;8;10;6;6;4;8;10;9;8;0;10;7;0;10;10;0;0;7;8;10;9;9;10;20;60;0;16;9;50;300;8hours;2;;27;1;0;3;;6;1;1;2;213;0
19/05/2020 09:50;3778;ARE;EN;3;1;8;9;10;3;3;7;2;8;8;10;10;10;10;50;25;25;;4;2;8;7;10;8;9;8;10;9;5;5;10;10;10;0;7;10;6;1;4;5;7;4;8;9;6;9;5;9;8;7;4;5;9;3;6;1;8;6;2;10;9;7;0;8;7;0;9;9;10;0;0;3;4;6;50 cents;300 minutes;4 hours;2;;21;2;0;4;;6;1;1;1;213;5
19/05/2020 10:52;723;ARE;EN;10;1;10;10;10;10;10;10;2;3;10;10;10;10;10;80;10;10;;10;8;5;5;5;10;10;5;5;5;5;8;10;10;10;0;3;8;8;9;7;7;7;5;10;8;8;9;8;9;8;10;10;8;8;5;5;0;5;5;0;10;10;3;0;8;8;0;8;8;10;40;20;5;16;9;;;4;2;;23;1;0;4;;4;1;1;1;213;8
19/05/2020 11:05;1265;ARE;EN;9;0;5;10;10;8;8;10;9;10;9;9;3;10;7;95;2;3;;8;8;0;5;1;8;7;0;2;2;0;0;10;9;10;0;0;9;10;8;7;3;7;0;9;8;9;9;9;10;8;10;6;4;9;6;5;1;5;6;0;8;9;5;0;7;9;2;6;7;6;10;30;6;6;9;25;3;7;1;;30;3;2;1;;3;1;1;2;213;0
19/05/2020 11:06;3743;ARE;EN;10;0;10;10;10;1;1;10;5;9;7;9;2;9;10;60;30;10;;7;8;7;9;10;10;8;10;10;10;10;5;10;9;10;0;2;10;9;8;9;2;8;2;10;10;10;5;9;10;8;10;2;1;9;1;5;0;8;9;8;10;10;9;0;10;10;0;10;10;10;20;70;3;9;9;50;3 minutes;4hrs;3;Female;26;1;0;6;Unemployed;5;1;1;2;213;10
19/05/2020 11:11;1288;ARE;EN;4;6;3;2;7;4;7;7;3;10;3;7;1;7;1;70;15;15;;2;7;2;3;2;7;6;0;0;0;0;2;8;6;8;3;1;7;6;9;9;2;6;2;8;8;7;8;8;9;5;8;7;3;7;7;7;2;6;3;0;6;3;1;2;3;7;3;1;5;3;10;10;4;3;2;25 cents;300 minutes (guess this is wrong, but really... no idea haha);7 hours;2;;22;1;0;4;;6;1;1;1;213;0
19/05/2020 11:27;1073;ARE;EN;1;0;10;10;10;6;7;6;8;10;6;8;2;6;7;90;5;5;;7;7;0;7;4;10;10;6;6;4;7;1;9;10;10;0;1;8;7;2;7;6;5;10;8;10;10;7;8;9;2;6;9;10;8;7;8;0;10;7;0;10;10;6;0;9;9;0;5;7;8;40;70;2;12;7;50;3 minutes;8;2;;25;1;0;4;;5;1;1;1;213;0
19/05/2020 11:44;2045;ARE;EN;7;6;1;10;10;7;4;5;1;6;10;10;10;10;10;100;0;0;;7;8;1;1;1;3;1;5;0;5;0;7;9;6;6;1;1;2;6;9;9;5;3;2;3;3;2;1;2;3;3;6;4;7;7;7;6;10;6;6;8;7;5;4;3;7;6;4;5;3;6;0;10;7;3;7;25;3 minutes;7 hours;1;;28;2;0;1;;6;1;1;1;213;7
19/05/2020 11:48;1252;ARE;EN;10;1;10;9;10;10;10;10;10;10;10;10;10;10;10;90;8;2;;4;8;3;5;5;5;5;1;0;0;0;3;10;10;10;0;6;8;9;10;10;10;10;10;8;9;3;1;1;8;8;8;3;0;2;6;4;5;7;5;4;10;10;5;0;10;9;0;9;9;10;50;80;3;14;9;50;300;8;2;;37;1;0;4;;3;1;1;1;213;0
19/05/2020 12:24;1712;ARE;EN;3;7;7;7;7;10;10;10;10;10;8;9;2;10;7;70;30;0;;6;8;2;2;2;9;9;7;2;7;10;2;10;10;10;0;2;7;7;8;8;8;8;9;8;9;8;8;8;9;6;9;7;6;6;7;4;4;8;6;0;7;8;4;0;2;3;0;7;1;8;80;90;6;4;5;50;300 minutes;4;2;;27;1;0;4;;4;1;1;1;213;0
19/05/2020 13:36;1082;ARE;EN;0;9;6;6;9;7;7;2;0;7;2;10;4;9;10;70;25;5;;8;8;5;1;0;9;4;0;0;0;0;0;9;10;10;0;1;8;7;10;10;8;2;0;9;9;6;10;10;9;8;10;3;4;8;3;5;3;7;4;1;9;9;0;0;7;8;2;4;5;5;90;70;6;14;9;25;3 minutes;7 hours;1;;23;2;0;4;;3;1;1;1;213;0
19/05/2020 14:28;11424;ARE;EN;10;2;4;6;10;4;7;10;8;8;7;9;4;10;10;20;45;35;;7;8;5;6;5;3;3;3;3;3;4;3;10;8;10;0;1;7;9;7;9;5;9;3;3;4;4;2;3;5;9;8;3;4;1;5;7;2;7;3;1;8;9;3;1;7;6;0;2;4;8;20;40;4;14;9;50;300;4;1;;22;1;0;6;Student and employed full-time;7;1;1;1;213;10
19/05/2020 14:31;1207;ARE;EN;9;3;5;8;9;9;8;7;5;10;8;10;10;10;10;50;30;20;;8;6;1;4;0;9;9;5;0;0;0;0;10;10;8;0;0;7;7;7;8;5;10;10;9;8;9;8;8;9;7;8;3;2;8;2;7;1;5;1;0;10;10;7;0;8;8;0;7;7;10;70;70;5;9;9;50;300;4;2;;24;1;0;4;;3;1;1;1;213;0
19/05/2020 14:48;837;ARE;EN;8;2;9;8;10;7;7;10;8;10;10;10;0;10;10;95;5;0;;10;8;1;4;1;1;1;2;2;2;2;1;10;10;10;0;0;6;6;6;7;7;7;7;9;9;9;8;8;10;8;8;4;2;7;7;10;2;10;8;5;10;10;10;0;6;4;2;6;4;2;90;90;2;11;9;50;30;2;2;;38;1;0;1;;4;1;1;2;213;0
19/05/2020 15:48;1987;ARE;EN;6;0;9;6;8;8;8;6;6;7;3;3;1;7;7;70;10;20;;3;4;2;2;2;4;4;6;6;4;6;4;4;4;8;3;4;2;2;2;3;2;1;3;8;8;7;8;8;8;6;6;4;2;8;3;5;5;6;5;5;7;7;6;2;4;4;3;5;6;7;70;80;6;4;7;;;;1;;42;2;0;1;;3;1;1;2;213;0
19/05/2020 16:37;1717;ARE;EN;10;0;10;10;10;8;8;10;10;2;10;10;10;10;10;60;20;20;;10;7;0;0;0;10;10;NA;NA;NA;NA;0;10;10;10;10;10;2;6;10;10;10;7;10;10;10;6;6;6;6;9;10;0;0;3;5;10;0;5;NA;0;10;10;5;0;9;10;0;9;9;9;0;0;6;9;10;147.058.824;3;0.5;2;;NA;1;0;4;;4;1;1;1;213;5
20/05/2020 00:58;811;ARE;EN;0;10;0;0;0;6;6;3;0;10;2;2;2;2;2;100;0;0;;5;7;0;0;0;8;2;6;7;4;0;0;10;10;10;0;0;10;4;10;7;6;4;7;7;6;3;8;8;8;0;4;10;6;8;3;3;3;3;2;10;6;4;0;4;4;4;6;4;4;3;100;80;6;1;7;25;3;7;1;;21;1;0;4;;4;1;1;2;213;0
20/05/2020 04:43;1943;ARE;EN;9;0;9;8;10;9;9;10;9;9;7;8;3;8;5;90;8;2;;4;4;4;5;7;9;8;0;0;0;0;2;9;10;9;0;1;8;7;9;7;5;1;1;5;8;9;7;8;7;6;4;7;6;5;7;4;2;8;2;3;10;9;5;0;5;5;2;2;2;9;80;70;NA;4;5;25;3 min;7 hrs;2;;23;2;0;4;;8;1;1;1;213;0
20/05/2020 07:20;851;ARE;EN;9;6;10;9;9;9;9;9;4;1;10;10;3;8;9;90;10;0;;10;7;1;9;3;3;5;10;10;1;2;1;10;10;10;0;0;6;8;9;8;8;8;8;10;10;8;8;9;10;7;9;3;9;10;1;3;0;7;1;0;9;9;2;1;8;8;1;8;9;8;10;0;6;16;10;50g;300;4;2;;41;1;1;6;Business Owner;4;1;1;1;213;0
20/05/2020 07:35;454;ARE;EN;10;0;10;10;10;6;6;10;10;6;7;9;2;8;8;96;2;2;;3;2;9;8;8;0;10;8;8;8;10;9;5;9;8;8;8;7;7;9;10;10;9;8;8;8;7;7;7;4;7;8;7;8;7;4;4;0;4;6;0;8;4;8;7;8;7;4;7;7;7;80;80;8;10;7;;;;1;;NA;3;NA;1;;6;2;2;1;213;4
20/05/2020 07:58;1625;ARE;EN;10;1;10;9;10;8;10;10;6;9;8;9;8;10;10;80;20;0;;3;4;3;2;3;2;2;0;0;1;1;7;10;10;10;0;1;9;7;10;7;3;6;10;6;7;8;9;9;10;9;10;1;0;8;6;6;2;8;1;2;10;9;3;0;7;1;0;2;6;8;90;90;5;5;9;50;3 minutes;7;1;;39;3;1;1;;5;1;1;1;213;8
20/05/2020 07:59;2089;ARE;EN;10;0;5;10;10;10;10;10;5;10;10;10;10;10;10;20;50;30;;1;10;10;10;10;1;0;10;10;10;10;1;10;10;10;10;5;5;5;5;10;4;10;5;10;10;5;5;0;10;5;10;7;1;10;5;5;0;10;10;5;10;10;5;0;10;10;10;10;10;10;0;70;5;16;7;50;900;4;2;;36;1;0;3;;10;1;1;1;213;0
20/05/2020 08:14;921;ARE;EN;2;2;6;6;6;6;6;6;4;6;8;4;3;8;3;70;30;0;;6;6;NA;NA;0;2;6;3;3;3;3;2;8;8;8;0;0;6;4;6;8;7;2;4;6;8;6;7;3;8;4;2;4;4;6;3;3;0;3;3;0;9;8;0;3;0;0;0;7;0;8;30;30;8;NA;4;50;3 minutes;4;1;;39;3;2;1;;6;1;2;2;213;10
20/05/2020 08:21;1104;ARE;EN;9;0;9;10;10;7;10;10;10;8;10;10;10;10;10;40;35;25;;6;8;0;5;5;8;7;6;1;0;5;3;9;9;9;0;5;9;5;10;9;8;7;8;8;9;8;9;10;10;6;8;3;2;8;1;9;5;6;7;5;10;10;8;0;10;5;0;1;0;6;50;50;5;16;9;50;1;4;2;;25;2;0;4;;4;1;1;2;213;0
20/05/2020 08:42;1042;ARE;EN;10;0;10;8;10;10;10;10;4;7;5;7;3;4;8;90;5;5;;6;7;3;3;3;8;8;0;0;0;0;2;9;9;9;2;3;6;4;8;7;4;6;4;8;8;8;10;10;10;5;9;3;6;10;4;8;6;7;8;10;4;4;3;5;3;3;6;4;4;4;30;60;5;6;10;25;300;6;1;;26;2;0;4;;4;1;1;2;213;5
20/05/2020 08:46;1800;ARE;EN;9;0;10;10;10;6;8;9;9;9;10;10;10;10;10;75;20;5;;6;6;3;3;3;6;6;4;4;4;4;1;8;9;10;0;0;10;8;8;9;9;8;8;7;8;7;7;8;8;8;8;3;3;8;4;8;2;8;8;1;9;9;9;0;7;9;0;9;9;9;60;60;9;14;8;50;300 minutes;4;1;;43;3;2;1;;5;1;1;1;213;0
20/05/2020 09:30;4461;ARE;EN;5;5;6;5;5;8;8;10;8;10;8;8;8;8;8;94;5;1;;5;5;5;5;5;5;5;5;8;7;5;5;5;5;5;5;5;5;5;5;5;5;5;5;5;5;5;5;5;5;5;5;2;2;5;10;9;6;5;6;5;6;5;5;5;5;5;5;5;5;5;50;50;7;15;6;25;300;;1;;46;3;2;1;;5;2;2;2;213;5
20/05/2020 09:34;1329;ARE;EN;10;0;10;10;10;10;10;10;10;5;10;10;2;7;10;30;60;10;;8;9;5;5;5;8;3;5;5;5;5;5;10;10;10;0;0;10;9;8;8;0;8;0;10;9;10;8;9;10;4;7;7;0;10;0;5;0;8;8;0;10;10;5;0;7;7;0;5;3;10;0;70;5;16;10;50;300;4;2;;35;2;0;1;;2;1;1;1;213;3
20/05/2020 09:56;1997;ARE;EN;8;0;8;7;10;7;7;10;7;10;8;5;7;8;10;80;10;10;;6;6;5;5;5;7;5;0;0;0;0;2;10;10;10;0;2;5;8;10;10;6;7;6;7;7;5;6;6;7;7;5;4;5;7;5;5;6;5;3;3;8;7;5;0;5;8;3;3;3;7;10;20;2;11;7;25;3 minutes;7;1;;29;3;0;1;;5;1;1;1;213;5
20/05/2020 10:06;3154;ARE;EN;9;0;7;9;10;10;10;10;7;10;10;10;10;10;10;50;50;0;;7;7;1;2;2;6;3;2;3;0;2;4;10;10;10;0;0;2;2;2;2;2;2;2;8;7;6;8;8;8;8;5;8;3;7;3;5;0;1;1;0;10;8;0;0;8;5;0;1;0;8;50;50;5;12;8;25 cents;3 minutes;7 hours;1;;43;3;2;1;;4;1;1;1;213;0
20/05/2020 11:04;2403;ARE;EN;2;7;4;6;5;6;6;7;2;8;7;4;3;6;8;70;20;10;;NA;9;3;7;2;3;3;2;6;4;4;3;8;8;8;0;2;4;6;9;9;3;2;1;9;9;8;6;7;3;9;9;2;3;9;4;6;4;8;9;1;9;8;5;1;7;1;3;6;7;7;10;30;5;11;8;25;100;7;1;;43;1;0;1;;2;1;1;1;213;0
20/05/2020 19:56;2413;ARE;EN;9;0;9;9;9;8;8;7;5;9;10;9;7;10;8;90;5;5;;4;5;3;5;5;5;5;7;7;1;5;8;9;9;9;1;1;5;5;6;5;5;5;7;5;8;8;9;9;9;6;5;7;5;7;5;5;3;5;5;2;10;9;5;2;7;7;8;5;5;9;70;80;5;14;8;503;300;64;2;;57;1;1;1;;7;2;1;2;213;0
21/05/2020 02:26;1532;ARE;EN;7;6;10;4;10;7;9;10;4;10;7;8;3;6;6;60;30;10;;6;7;4;6;4;6;4;8;5;2;6;2;8;8;10;0;0;8;8;7;7;7;4;4;7;10;10;9;8;10;6;7;4;6;4;4;6;4;5;4;4;10;10;8;0;7;8;0;8;8;10;100;80;3;9;6;25;300 minutes;4;2;;24;2;0;4;;4;1;1;1;213;0
21/05/2020 03:14;57;ARE;EN;NA;NA;NA;NA;NA;NA;NA;NA;NA;NA;NA;NA;NA;NA;NA;NA;NA;NA;;NA;NA;NA;NA;NA;NA;NA;NA;NA;NA;NA;NA;NA;NA;NA;NA;NA;NA;NA;NA;NA;NA;NA;NA;NA;NA;NA;NA;NA;NA;NA;NA;NA;NA;NA;NA;NA;NA;NA;NA;NA;NA;NA;NA;NA;NA;NA;NA;NA;NA;NA;NA;NA;5;NA;NA;;;;NA;;NA;NA;NA;NA;;NA;NA;NA;NA;;NA
21/05/2020 05:47;1888;ARE;EN;7;7;3;8;10;7;7;7;7;9;10;9;10;10;9;90;10;0;;5;7;3;2;2;5;2;0;0;0;0;1;7;8;7;0;6;6;6;3;6;2;2;7;6;6;5;8;4;4;6;8;6;4;5;7;6;6;4;5;1;7;5;3;2;6;2;1;4;4;3;70;50;3;3;4;25;3;7;1;;36;2;0;1;;1;1;1;2;213;3
21/05/2020 05:58;583326;ARE;EN;2;0;10;10;10;10;10;10;10;10;NA;10;NA;10;10;40;30;30;;6;3;NA;NA;NA;10;10;10;10;10;10;10;10;10;10;NA;NA;10;9;9;9;NA;NA;NA;10;NA;1;10;9;10;2;10;0;0;8;NA;10;0;10;9;8;10;10;3;0;9;2;5;10;9;5;NA;NA;6;NA;8;50;300;16;1;;30;3;1;3;;NA;1;1;1;213;NA
21/05/2020 06:01;1960;ARE;EN;10;1;8;10;10;9;10;7;10;10;7;6;6;10;10;75;12;13;;10;2;7;9;3;10;10;7;7;2;6;1;8;10;10;0;0;10;10;10;10;10;10;10;10;10;7;7;3;8;10;10;9;0;8;8;10;1;10;10;7;10;10;10;0;10;10;0;10;8;10;10;70;10;16;10;50 cents.;300 minutes;4 hours;1;;35;3;0;4;;1;1;1;1;213;9
21/05/2020 06:22;1495;ARE;EN;2;6;9;7;10;2;2;2;7;7;1;3;0;6;3;90;10;0;;9;4;4;5;4;8;9;4;3;1;1;4;8;8;6;0;4;10;6;7;9;5;4;7;7;8;7;9;8;10;3;6;7;6;7;7;5;4;7;8;8;7;4;3;0;6;3;4;7;6;4;80;90;9;4;8;25;3 minutes;7 hours;2;;21;2;0;4;;2;1;1;1;213;0
21/05/2020 06:37;4624;ARE;EN;9;0;10;9;10;2;2;10;5;5;10;10;10;10;10;20;50;30;;7;5;3;2;2;7;7;9;9;9;9;0;10;9;9;7;0;6;8;8;8;10;10;8;9;9;7;7;8;6;7;9;7;1;6;0;5;0;6;5;3;8;9;1;0;2;1;0;0;4;10;20;60;5;11;7;25;300;5;2;;35;1;2;1;;7;1;1;1;213;0
21/05/2020 08:01;5848;ARE;EN;9;9;9;9;9;8;6;8;8;8;2;10;7;9;9;30;60;10;;8;7;5;7;5;5;5;9;5;5;9;4;10;8;9;1;3;3;3;5;5;3;7;3;8;8;8;8;8;10;8;7;5;4;8;2;5;2;5;4;1;9;9;6;1;4;3;8;4;4;4;10;10;2;1;9;50;1min or less;24;2;;27;1;0;4;;4;1;1;1;213;0
21/05/2020 10:59;1692;ARE;EN;9;1;3;3;2;6;6;4;1;2;2;2;0;5;5;90;5;5;;7;7;2;3;1;7;5;2;3;1;1;2;10;10;9;0;0;5;5;5;5;5;5;5;9;8;7;7;7;9;8;8;6;1;7;2;2;0;5;1;1;8;8;3;0;6;9;1;1;7;8;10;10;6;14;8;25;3 minutes;7;1;;46;3;2;1;;2;1;1;1;213;0
21/05/2020 11:30;964;ARE;EN;7;0;3;3;10;0;0;3;5;0;3;3;3;5;5;80;15;5;;8;7;5;5;5;10;8;8;5;7;7;3;0;0;0;10;10;10;10;5;10;5;4;10;9;10;9;9;9;9;10;9;2;1;1;0;10;0;9;6;6;10;10;5;0;9;9;0;9;9;9;80;100;5;16;6;50;300;4;2;;32;1;0;1;;6;1;1;2;213;6
21/05/2020 12:28;1356;ARE;EN;7;6;3;6;10;8;8;8;3;9;3;7;7;7;8;90;8;2;;7;6;0;0;0;7;7;1;0;1;0;2;10;10;9;0;1;7;6;2;6;5;2;1;8;8;8;9;9;9;7;7;5;3;8;7;7;6;6;5;1;9;8;5;0;7;6;3;7;7;7;10;10;7;4;8;25;3 minutes;7;1;;23;1;0;4;;4;1;1;1;213;0
21/05/2020 22:01;2241;ARE;EN;9;7;10;10;10;10;10;4;0;6;9;8;8;8;8;60;30;10;;7;8;5;5;5;9;8;10;0;10;8;2;10;10;10;8;9;0;0;8;7;9;7;0;10;10;10;10;10;10;10;10;10;0;10;10;10;0;0;9;3;10;10;10;0;10;10;0;10;10;10;30;20;10;3;10;50;300minutes;4hours;1;;34;3;2;1;;6;2;1;2;213;0
22/05/2020 00:02;4170;ARE;EN;7;6;7;8;9;9;8;9;8;9;4;2;3;3;3;40;35;25;;2;4;9;9;9;8;9;10;10;9;7;10;0;10;10;7;6;6;6;6;7;7;7;7;10;9;7;7;8;9;8;9;4;7;8;4;3;0;7;3;2;10;9;9;1;9;9;0;8;9;10;20;90;6;1;7;;;;NA;;NA;NA;NA;NA;;NA;NA;NA;NA;;9
22/05/2020 00:29;730;ARE;EN;10;0;9;10;10;10;10;10;10;10;0;0;0;10;10;60;30;10;;8;6;5;7;8;9;9;0;0;0;0;10;10;10;10;0;8;10;10;7;10;8;6;6;10;10;9;9;8;10;10;10;0;0;10;2;3;0;5;5;0;10;10;10;0;10;5;0;10;7;10;NA;NA;5;NA;10;;;;NA;;NA;NA;NA;NA;;NA;NA;NA;NA;;0
22/05/2020 01:23;87;ARE;EN;NA;NA;NA;NA;NA;NA;NA;NA;NA;NA;NA;NA;NA;NA;NA;NA;NA;NA;;NA;NA;10;5;10;NA;NA;NA;NA;NA;NA;NA;NA;NA;NA;NA;NA;NA;NA;NA;NA;NA;NA;NA;NA;NA;NA;NA;NA;NA;NA;NA;NA;NA;NA;NA;NA;NA;NA;NA;NA;NA;NA;NA;NA;NA;NA;NA;NA;NA;NA;NA;NA;NA;NA;NA;;;;NA;;NA;NA;NA;NA;;NA;NA;NA;NA;;NA
22/05/2020 02:22;1304;ARE;EN;10;0;10;10;10;10;10;10;10;10;9;10;10;10;10;90;5;5;;7;7;5;6;5;8;9;8;7;9;9;5;7;6;5;5;5;7;7;7;7;8;7;7;7;7;6;6;5;9;7;7;4;3;5;4;5;5;6;4;3;5;6;5;3;5;4;5;5;6;5;60;70;5;16;7;25;5h;4h;2;;26;3;0;1;;4;1;1;1;213;8
22/05/2020 03:30;14373;ARE;EN;NA;NA;NA;NA;NA;9;9;9;9;9;NA;NA;NA;NA;NA;NA;NA;NA;;NA;NA;NA;NA;NA;9;9;NA;NA;NA;NA;NA;NA;NA;NA;NA;NA;NA;NA;NA;NA;NA;NA;NA;NA;NA;10;9;10;10;NA;NA;NA;NA;NA;NA;NA;NA;NA;NA;NA;NA;NA;NA;NA;NA;NA;NA;NA;NA;NA;NA;NA;NA;NA;NA;;;;NA;;NA;NA;NA;NA;;NA;NA;NA;NA;;NA
22/05/2020 03:39;1033;ARE;EN;8;4;10;9;9;10;10;6;4;4;9;8;9;5;4;70;10;20;;6;6;4;4;4;10;7;0;0;0;0;5;7;8;8;0;0;6;5;5;8;8;8;6;6;9;7;8;9;9;4;7;5;4;8;6;6;6;5;7;2;8;8;7;3;6;2;3;6;6;5;100;100;5;9;6;50;3;4;1;;46;3;1;1;;3;1;1;1;213;0
22/05/2020 05:28;2013;ARE;EN;8;1;9;9;10;10;10;10;9;9;6;9;5;7;7;70;20;10;;3;5;5;5;5;7;5;8;8;8;8;5;10;9;9;0;2;6;6;9;9;3;2;9;8;8;8;7;8;10;5;5;4;1;7;5;5;2;5;4;0;10;9;8;10;7;5;1;5;5;0;0;10;5;9;10;50 cents;3 minutes;4 hours;1;;47;3;5;1;;1;1;1;2;213;9
22/05/2020 05:28;3648;ARE;EN;6;8;9;9;7;8;8;10;2;5;8;8;6;8;8;0;50;50;;5;7;2;2;2;2;2;6;5;8;5;3;10;10;10;1;2;7;4;9;8;7;2;1;7;7;8;7;9;9;5;4;5;5;5;2;3;2;4;3;1;7;8;1;1;2;2;2;2;2;8;50;70;2;14;5;25;3 min;4;1;;23;2;0;6;Free lancer;6;1;1;2;213;0
22/05/2020 08:50;2901;ARE;EN;6;4;8;10;9;9;10;10;7;10;9;4;3;8;9;75;15;10;;2;5;5;4;6;4;3;10;8;8;9;0;8;9;4;6;0;8;6;10;9;4;8;5;9;10;8;9;10;9;8;7;6;7;8;7;10;6;10;9;7;8;7;3;1;5;6;5;2;3;6;20;60;5;6;8;25;3 min;4;2;;21;1;0;6;Employed remotely;6;1;1;1;213;9
22/05/2020 10:35;25;ARE;EN;NA;NA;NA;NA;NA;NA;NA;NA;NA;NA;NA;NA;NA;NA;NA;NA;NA;NA;;NA;NA;NA;NA;NA;NA;NA;NA;NA;NA;NA;NA;NA;NA;NA;NA;NA;NA;NA;NA;NA;NA;NA;NA;NA;NA;NA;NA;NA;NA;NA;NA;NA;NA;NA;NA;NA;NA;NA;NA;NA;NA;NA;NA;NA;NA;NA;NA;NA;NA;NA;NA;NA;NA;NA;NA;;;;NA;;NA;NA;NA;NA;;NA;NA;NA;NA;;NA
22/05/2020 11:19;599;ARE;EN;5;5;5;5;5;5;5;5;5;5;6;5;5;5;5;NA;NA;NA;;8;7;5;5;5;5;5;5;5;5;5;3;10;7;10;1;1;7;2;9;8;5;5;3;5;5;8;8;8;8;5;6;8;5;5;8;5;3;8;1;0;5;5;5;5;5;5;5;5;5;5;10;10;5;9;7;;;;NA;;NA;NA;NA;NA;;NA;NA;NA;NA;;5
22/05/2020 11:46;15318;ARE;EN;10;2;9;9;9;9;9;10;9;10;NA;NA;NA;NA;NA;NA;NA;NA;;NA;NA;8;9;9;10;9;NA;NA;NA;NA;9;10;9;9;10;2;NA;NA;NA;NA;NA;NA;NA;10;6;9;9;9;9;NA;NA;NA;NA;NA;7;8;1;8;7;2;9;9;10;9;9;8;9;9;9;9;NA;NA;10;2;10;;;;NA;;NA;NA;NA;NA;;NA;NA;NA;NA;;6
22/05/2020 20:50;12;ARE;EN;NA;NA;NA;NA;NA;NA;NA;NA;NA;NA;NA;NA;NA;NA;NA;NA;NA;NA;;NA;NA;NA;NA;NA;NA;NA;NA;NA;NA;NA;NA;NA;NA;NA;NA;NA;NA;NA;NA;NA;NA;NA;NA;NA;NA;NA;NA;NA;NA;NA;NA;NA;NA;NA;NA;NA;NA;NA;NA;NA;NA;NA;NA;NA;NA;NA;NA;NA;NA;NA;NA;NA;NA;NA;NA;;;;NA;;NA;NA;NA;NA;;NA;NA;NA;NA;;NA
23/05/2020 00:43;3379;ARE;EN;10;2;2;9;7;6;6;10;6;7;8;9;6;8;10;90;5;5;;6;7;8;6;7;7;6;4;4;6;8;4;7;7;4;3;7;8;6;8;7;6;6;6;6;7;4;6;7;6;8;7;4;4;6;7;7;4;6;7;4;10;9;6;1;6;7;9;7;3;10;20;20;4;7;10;25;1;7;1;;40;3;1;1;;4;1;1;2;213;8
23/05/2020 00:59;144;ARE;EN;NA;NA;NA;NA;NA;NA;NA;NA;NA;NA;NA;NA;NA;NA;NA;NA;NA;NA;;NA;NA;NA;NA;NA;NA;NA;NA;NA;NA;NA;3;9;9;9;3;6;NA;NA;NA;NA;NA;NA;NA;NA;NA;NA;NA;NA;NA;NA;NA;NA;NA;NA;NA;NA;NA;NA;NA;NA;NA;NA;NA;NA;NA;NA;NA;NA;NA;NA;NA;NA;NA;NA;NA;;;;NA;;NA;NA;NA;NA;;NA;NA;NA;NA;;NA
23/05/2020 11:22;1150;ARE;EN;6;6;7;5;5;5;5;5;5;5;10;10;9;10;10;80;20;0;;6;10;5;4;6;5;5;5;5;5;5;5;5;5;5;5;5;5;5;5;5;5;5;5;10;10;5;5;6;7;5;6;7;7;5;5;5;5;5;5;5;5;5;5;5;5;5;5;5;5;5;0;50;7;1;6;50;300;8;1;;30;3;0;1;;6;1;1;1;213;6
23/05/2020 13:39;1998;ARE;EN;9;1;9;9;10;7;8;10;2;10;9;10;10;10;10;100;0;0;;8;7;0;0;0;9;8;8;0;8;0;2;10;9;9;1;6;8;2;10;8;2;7;9;10;10;3;6;7;9;6;8;3;5;5;2;3;1;5;2;4;8;8;1;1;7;8;2;8;2;8;60;80;0;16;9;25 cents;3 minutes;7 hours;2;;27;1;0;6;Working full time and studying part time;3;1;1;1;213;0
23/05/2020 15:43;850;ARE;EN;10;0;10;10;10;8;8;10;10;10;10;10;10;10;10;85;5;10;;6;6;3;2;2;5;6;4;3;3;4;1;9;9;8;3;2;8;6;9;8;6;4;4;4;4;4;7;7;9;6;10;5;3;2;7;6;2;6;5;3;7;9;3;2;5;5;3;4;3;6;70;60;5;6;7;49;3;2;2;;26;2;0;4;;3;1;1;1;213;0
24/05/2020 08:30;1286;ARE;EN;10;1;10;10;10;10;10;10;4;10;0;0;5;1;0;80;0;20;;9;7;0;1;0;5;5;8;7;8;10;1;10;10;10;1;1;3;4;0;5;5;5;0;10;10;8;9;9;10;10;9;5;4;9;3;10;3;8;5;2;10;9;7;0;8;7;0;0;0;10;20;40;5;11;9;50;3 minutes;7;1;;26;2;0;4;;4;1;1;1;213;10
24/05/2020 09:23;1246;ARE;EN;8;8;3;3;8;7;7;7;5;8;0;0;0;3;0;90;5;5;;8;8;7;2;6;3;3;0;0;0;0;3;10;10;10;2;2;7;6;7;8;4;6;7;9;9;8;8;8;8;3;4;7;4;8;3;8;2;8;8;1;10;9;7;0;9;8;0;8;7;8;20;20;6;9;8;50;1;7;1;;44;2;0;3;;1;1;1;1;213;0
24/05/2020 09:44;5221;ARE;EN;10;0;10;10;10;10;10;10;10;10;10;10;10;10;10;80;10;10;;9;8;5;5;5;5;5;10;0;0;0;5;10;10;10;0;0;8;8;10;9;5;5;8;10;10;10;10;10;10;8;8;2;0;10;2;2;0;10;0;0;10;10;10;0;10;5;0;5;8;10;100;100;5;4;10;10;3 minutes;4 hours;2;;45;3;2;1;;4;1;1;1;213;0
24/05/2020 09:54;488;ARE;EN;10;10;10;10;10;NA;NA;NA;NA;NA;10;10;10;10;10;60;20;20;;10;8;6;7;7;10;10;6;6;7;8;9;10;10;10;6;10;7;8;8;10;9;10;10;10;10;10;10;10;10;10;10;2;0;10;NA;NA;NA;NA;NA;NA;8;8;9;8;9;9;9;9;10;10;60;90;10;NA;7;;;;NA;;NA;NA;NA;NA;;NA;NA;NA;NA;;10
24/05/2020 11:47;6;ARE;EN;NA;NA;NA;NA;NA;NA;NA;NA;NA;NA;NA;NA;NA;NA;NA;NA;NA;NA;;NA;NA;NA;NA;NA;NA;NA;NA;NA;NA;NA;NA;NA;NA;NA;NA;NA;NA;NA;NA;NA;NA;NA;NA;NA;NA;NA;NA;NA;NA;NA;NA;NA;NA;NA;NA;NA;NA;NA;NA;NA;NA;NA;NA;NA;NA;NA;NA;NA;NA;NA;NA;NA;NA;NA;NA;;;;NA;;NA;NA;NA;NA;;NA;NA;NA;NA;;NA
24/05/2020 12:54;1751;ARE;EN;9;1;0;10;10;10;9;9;10;10;2;10;5;6;10;60;30;10;;10;9;1;1;1;NA;NA;1;1;1;1;10;10;1;0;5;0;NA;NA;NA;NA;NA;NA;NA;NA;NA;9;8;10;9;9;8;5;1;5;2;9;2;8;7;1;10;10;5;1;5;7;2;8;8;6;50;30;6;NA;10;;;;NA;;NA;NA;NA;NA;;NA;NA;NA;NA;;NA
24/05/2020 14:38;18;ARE;EN;NA;NA;NA;NA;NA;NA;NA;NA;NA;NA;NA;NA;NA;NA;NA;NA;NA;NA;;NA;NA;NA;NA;NA;NA;NA;NA;NA;NA;NA;NA;NA;NA;NA;NA;NA;NA;NA;NA;NA;NA;NA;NA;NA;NA;NA;NA;NA;NA;NA;NA;NA;NA;NA;NA;NA;NA;NA;NA;NA;NA;NA;NA;NA;NA;NA;NA;NA;NA;NA;NA;NA;NA;NA;NA;;;;NA;;NA;NA;NA;NA;;NA;NA;NA;NA;;NA
24/05/2020 18:56;869;ARE;EN;10;0;10;10;10;5;5;10;4;10;10;10;10;10;10;10;50;40;;7;7;5;5;5;10;10;5;5;5;5;5;10;10;10;0;0;7;10;10;10;5;10;5;7;7;5;5;3;10;10;10;7;0;10;0;0;0;0;0;0;10;10;10;0;10;8;0;8;7;NA;50;50;5;5;7;50;300 minutes;16;2;;31;1;0;3;;6;2;1;1;213;0
25/05/2020 00:15;56919;ARE;EN;8;0;8;10;10;10;10;10;3;10;10;10;6;10;10;95;2;3;;4;6;1;8;1;5;2;2;2;2;2;1;1;6;10;0;2;10;10;10;8;9;5;1;7;7;8;8;8;8;6;10;7;2;9;10;7;10;3;4;10;10;10;3;0;8;1;0;0;0;6;30;30;3;12;8;25;3;7;1;;50;3;1;1;;3;1;1;1;two hundred thirteen;7
25/05/2020 03:42;1493;ARE;EN;10;0;10;10;10;9;10;10;7;10;6;6;3;4;5;99;1;0;;5;9;0;0;0;8;2;10;8;10;10;10;10;2;10;1;8;6;4;2;2;5;5;5;10;10;3;5;6;6;8;9;0;0;10;4;0;7;1;0;7;3;4;1;2;0;5;8;1;0;3;70;80;5;9;10;50;300;4;1;;37;3;2;1;;5;1;1;1;213;0
25/05/2020 07:02;16;ARE;EN;NA;NA;NA;NA;NA;NA;NA;NA;NA;NA;NA;NA;NA;NA;NA;NA;NA;NA;;NA;NA;NA;NA;NA;NA;NA;NA;NA;NA;NA;NA;NA;NA;NA;NA;NA;NA;NA;NA;NA;NA;NA;NA;NA;NA;NA;NA;NA;NA;NA;NA;NA;NA;NA;NA;NA;NA;NA;NA;NA;NA;NA;NA;NA;NA;NA;NA;NA;NA;NA;NA;NA;NA;NA;NA;;;;NA;;NA;NA;NA;NA;;NA;NA;NA;NA;;NA
25/05/2020 07:05;2744;ARE;EN;10;2;9;10;10;10;7;10;9;8;9;9;9;10;9;5;50;45;;6;7;2;5;2;7;6;1;1;1;1;5;10;10;10;0;5;5;5;10;5;10;5;10;6;6;7;7;9;9;8;8;4;2;8;6;6;5;5;5;3;10;10;5;0;7;5;10;5;7;10;20;20;5;9;8;50;3;7;1;;50;3;1;1;;4;1;1;1;213;0
25/05/2020 14:39;45;ARE;EN;NA;NA;NA;NA;NA;NA;NA;NA;NA;NA;NA;NA;NA;NA;NA;NA;NA;NA;;NA;NA;NA;NA;NA;NA;NA;NA;NA;NA;NA;NA;NA;NA;NA;NA;NA;NA;NA;NA;NA;NA;NA;NA;NA;NA;NA;NA;NA;NA;NA;NA;NA;NA;NA;NA;NA;NA;NA;NA;NA;NA;NA;NA;NA;NA;NA;NA;NA;NA;NA;NA;NA;NA;NA;NA;;;;NA;;NA;NA;NA;NA;;NA;NA;NA;NA;;NA
25/05/2020 14:39;175;ARE;EN;NA;NA;NA;NA;NA;NA;NA;NA;NA;NA;NA;NA;NA;NA;NA;NA;NA;NA;;NA;NA;NA;NA;NA;NA;NA;NA;NA;NA;NA;NA;NA;NA;NA;NA;NA;NA;NA;NA;NA;NA;NA;NA;NA;NA;NA;NA;NA;NA;NA;NA;NA;NA;NA;NA;NA;NA;NA;NA;NA;NA;NA;NA;NA;NA;NA;NA;NA;NA;NA;NA;NA;NA;NA;NA;;;;NA;;NA;NA;NA;NA;;NA;NA;NA;NA;;NA
25/05/2020 14:58;1652;ARE;EN;10;1;0;9;9;10;10;9;1;10;5;5;5;5;5;NA;NA;NA;;10;7;10;10;10;10;10;0;0;10;10;1;10;10;10;10;10;2;2;6;10;10;1;2;NA;NA;10;10;10;10;NA;10;1;0;10;10;10;10;10;10;10;10;10;10;0;10;10;1;10;10;10;0;100;10;1;10;;;;NA;;NA;NA;NA;NA;;NA;NA;NA;NA;;0
26/05/2020 03:21;625;ARE;EN;NA;NA;NA;NA;NA;9;9;9;7;9;10;10;10;10;10;NA;NA;NA;;6;6;0;0;0;2;2;0;0;3;3;2;10;9;10;0;7;NA;NA;NA;NA;NA;NA;NA;9;7;9;10;10;8;8;8;6;3;NA;6;6;2;8;7;1;10;10;7;2;7;3;4;4;6;10;NA;NA;NA;NA;NA;;;;NA;;NA;NA;NA;NA;;NA;NA;NA;NA;;0
26/05/2020 03:44;133;ARE;EN;0;7;5;2;10;NA;NA;NA;NA;NA;NA;NA;NA;NA;NA;NA;NA;NA;;NA;NA;NA;NA;NA;NA;NA;NA;NA;NA;NA;NA;NA;NA;NA;NA;NA;NA;NA;NA;NA;NA;NA;NA;NA;NA;NA;NA;NA;NA;NA;NA;NA;NA;NA;NA;NA;NA;NA;NA;NA;NA;NA;NA;NA;NA;NA;NA;NA;NA;NA;NA;NA;NA;NA;NA;;;;NA;;NA;NA;NA;NA;;NA;NA;NA;NA;;NA
26/05/2020 03:51;545;ARE;EN;NA;NA;NA;NA;NA;NA;NA;NA;NA;NA;10;6;8;10;10;NA;NA;NA;;NA;NA;NA;NA;NA;NA;NA;NA;NA;NA;NA;NA;NA;NA;NA;NA;NA;8;7;6;6;7;8;5;NA;NA;7;8;7;8;NA;NA;NA;NA;NA;NA;NA;NA;NA;NA;NA;NA;NA;NA;NA;NA;NA;NA;NA;NA;NA;80;90;4;NA;NA;;;;NA;;NA;NA;NA;NA;;NA;NA;NA;NA;;7
26/05/2020 04:17;58;ARE;EN;NA;NA;NA;NA;NA;NA;NA;NA;NA;NA;NA;NA;NA;NA;NA;NA;NA;NA;;NA;NA;NA;NA;NA;NA;NA;NA;NA;NA;NA;NA;NA;NA;NA;NA;NA;NA;NA;NA;NA;NA;NA;NA;NA;NA;NA;NA;NA;NA;NA;NA;NA;NA;NA;NA;NA;NA;NA;NA;NA;NA;NA;NA;NA;NA;NA;NA;NA;NA;NA;NA;NA;NA;NA;NA;;;;NA;;NA;NA;NA;NA;;NA;NA;NA;NA;;1
26/05/2020 05:17;127;ARE;EN;NA;NA;NA;NA;NA;NA;NA;NA;NA;NA;NA;NA;NA;NA;NA;NA;NA;NA;;NA;NA;NA;NA;NA;NA;NA;NA;NA;NA;NA;NA;NA;NA;NA;NA;NA;NA;NA;NA;NA;NA;NA;NA;NA;NA;NA;NA;NA;NA;NA;NA;NA;NA;NA;NA;NA;NA;NA;NA;NA;NA;NA;NA;NA;NA;NA;NA;NA;NA;NA;NA;NA;NA;NA;NA;;;;NA;;NA;NA;NA;NA;;NA;NA;NA;NA;;NA
26/05/2020 05:43;1555;ARE;EN;8;6;6;6;6;9;9;9;9;9;2;3;3;3;3;60;30;10;;5;9;9;8;8;10;10;9;9;8;8;10;10;8;10;8;9;9;9;9;9;9;9;9;10;9;9;8;7;9;6;9;7;3;9;9;8;0;8;2;4;9;9;5;2;6;8;2;7;8;10;80;70;5;8;8;50;900;4;1;;27;2;1;1;;5;1;1;1;213;7
26/05/2020 05:47;333;ARE;EN;NA;NA;NA;NA;NA;NA;NA;NA;NA;NA;10;10;10;10;5;60;30;10;;NA;NA;NA;NA;NA;NA;NA;NA;NA;NA;NA;1;10;9;9;1;1;NA;NA;NA;NA;NA;NA;NA;NA;NA;NA;NA;NA;NA;NA;NA;NA;NA;8;NA;NA;NA;NA;NA;NA;NA;NA;NA;NA;NA;NA;NA;NA;NA;NA;NA;NA;NA;1;8;;;;NA;;NA;NA;NA;NA;;NA;NA;NA;NA;;NA
26/05/2020 05:53;190;ARE;EN;NA;NA;NA;NA;NA;10;10;5;2;0;5;5;5;5;5;NA;NA;NA;;NA;NA;NA;NA;NA;NA;NA;5;5;5;0;NA;NA;NA;NA;NA;NA;NA;NA;NA;NA;NA;NA;NA;NA;NA;NA;NA;NA;NA;NA;NA;NA;NA;NA;NA;NA;NA;NA;NA;NA;NA;NA;NA;NA;NA;NA;NA;NA;NA;NA;NA;NA;10;NA;10;;;;NA;;NA;NA;NA;NA;;NA;NA;NA;NA;;NA
26/05/2020 06:36;259166;ARE;EN;10;0;10;10;10;10;10;10;10;10;10;10;10;10;10;40;40;20;;5;10;10;10;10;10;10;5;0;5;5;10;10;0;10;10;10;NA;NA;NA;NA;NA;NA;NA;10;10;10;10;10;10;10;10;9;0;10;0;10;8;10;10;5;10;10;0;0;10;5;0;5;8;10;0;50;5;16;10;;;;NA;;NA;NA;NA;NA;;NA;NA;NA;NA;;10
26/05/2020 07:09;4548;ARE;EN;10;0;10;9;10;NA;NA;NA;NA;NA;NA;NA;NA;NA;NA;NA;NA;NA;;NA;NA;NA;NA;NA;NA;NA;NA;NA;NA;NA;10;10;10;10;0;0;NA;NA;NA;NA;NA;NA;NA;NA;NA;7;8;9;9;NA;NA;NA;NA;10;NA;NA;NA;NA;NA;NA;NA;NA;NA;NA;NA;NA;NA;NA;NA;NA;NA;NA;NA;NA;NA;;;;NA;;NA;NA;NA;NA;;NA;NA;NA;NA;;NA
26/05/2020 07:46;203;ARE;EN;NA;NA;NA;NA;NA;NA;NA;NA;NA;NA;10;10;10;10;10;NA;NA;NA;;NA;NA;NA;NA;NA;NA;NA;5;5;5;5;10;10;10;10;8;7;10;10;10;10;10;10;10;NA;NA;NA;NA;NA;NA;NA;NA;NA;NA;NA;NA;NA;NA;NA;NA;NA;NA;NA;NA;NA;NA;NA;NA;NA;NA;NA;NA;NA;NA;NA;NA;;;;NA;;NA;NA;NA;NA;;NA;NA;NA;NA;;NA
26/05/2020 07:57;182;ARE;EN;NA;NA;NA;NA;NA;NA;NA;NA;NA;NA;NA;NA;NA;NA;NA;NA;NA;NA;;NA;NA;NA;NA;NA;NA;NA;NA;NA;NA;NA;10;10;0;0;0;10;NA;NA;NA;NA;NA;NA;NA;NA;NA;NA;NA;NA;NA;NA;NA;NA;NA;NA;NA;NA;NA;NA;NA;NA;NA;NA;NA;NA;NA;NA;NA;NA;NA;NA;NA;NA;NA;NA;NA;;;;NA;;NA;NA;NA;NA;;NA;NA;NA;NA;;NA
26/05/2020 10:40;128;ARE;EN;NA;NA;NA;NA;NA;NA;NA;NA;NA;NA;NA;NA;NA;NA;NA;90;5;5;;NA;NA;7;5;7;NA;NA;NA;NA;NA;NA;NA;NA;NA;NA;NA;NA;NA;NA;NA;NA;NA;NA;NA;NA;NA;NA;NA;NA;NA;NA;NA;NA;NA;NA;6;6;5;6;6;3;NA;NA;NA;NA;NA;NA;NA;NA;NA;NA;NA;NA;NA;NA;NA;;;;NA;;NA;NA;NA;NA;;NA;NA;NA;NA;;NA
26/05/2020 11:30;1724;ARE;EN;9;0;9;9;10;7;7;7;2;5;0;0;0;0;0;100;0;0;;7;7;0;0;0;2;2;5;5;2;5;0;10;10;10;0;3;5;5;5;5;5;5;5;10;10;8;7;8;6;6;7;5;3;6;8;5;5;5;5;0;9;9;9;0;8;5;2;0;5;5;0;10;3;16;6;25;300;7;1;;37;1;0;1;;3;1;1;1;213;0
26/05/2020 12:08;42;ARE;EN;NA;NA;NA;NA;NA;NA;NA;NA;NA;NA;NA;NA;NA;NA;NA;NA;NA;NA;;NA;NA;NA;NA;NA;NA;NA;NA;NA;NA;NA;NA;NA;NA;NA;NA;NA;NA;NA;NA;NA;NA;NA;NA;NA;NA;NA;NA;NA;NA;NA;NA;NA;NA;NA;NA;NA;NA;NA;NA;NA;NA;NA;NA;NA;NA;NA;NA;NA;NA;NA;NA;NA;NA;NA;NA;;;;NA;;NA;NA;NA;NA;;NA;NA;NA;NA;;NA
26/05/2020 12:14;74;ARE;EN;9;1;10;10;10;NA;NA;NA;NA;NA;NA;NA;NA;NA;NA;NA;NA;NA;;NA;NA;NA;NA;NA;NA;NA;NA;NA;NA;NA;NA;NA;NA;NA;NA;NA;NA;NA;NA;NA;NA;NA;NA;NA;NA;NA;NA;NA;NA;10;10;10;6;NA;NA;NA;NA;NA;NA;NA;NA;NA;NA;NA;NA;NA;NA;NA;NA;NA;20;50;7;NA;NA;;;;NA;;NA;NA;NA;NA;;NA;NA;NA;NA;;NA
26/05/2020 13:18;14;ARE;EN;NA;NA;NA;NA;NA;NA;NA;NA;NA;NA;NA;NA;NA;NA;NA;NA;NA;NA;;NA;NA;NA;NA;NA;NA;NA;NA;NA;NA;NA;NA;NA;NA;NA;NA;NA;NA;NA;NA;NA;NA;NA;NA;NA;NA;NA;NA;NA;NA;NA;NA;NA;NA;NA;NA;NA;NA;NA;NA;NA;NA;NA;NA;NA;NA;NA;NA;NA;NA;NA;NA;NA;NA;NA;NA;;;;NA;;NA;NA;NA;NA;;NA;NA;NA;NA;;NA
26/05/2020 14:57;200;ARE;EN;NA;NA;NA;NA;NA;NA;NA;NA;NA;5;NA;NA;NA;NA;NA;NA;NA;NA;;NA;NA;NA;NA;NA;NA;NA;NA;NA;NA;NA;NA;NA;NA;NA;NA;NA;NA;NA;NA;NA;NA;NA;NA;NA;NA;NA;NA;NA;NA;NA;NA;NA;NA;NA;NA;NA;NA;NA;NA;NA;NA;NA;NA;NA;NA;NA;NA;NA;NA;NA;NA;NA;NA;NA;NA;;;;NA;;NA;NA;NA;NA;;NA;NA;NA;NA;;NA
26/05/2020 15:45;21;ARE;EN;NA;NA;NA;NA;NA;NA;NA;NA;NA;NA;NA;NA;NA;NA;NA;NA;NA;NA;;NA;NA;NA;NA;NA;NA;NA;NA;NA;NA;NA;NA;NA;NA;NA;NA;NA;NA;NA;NA;NA;NA;NA;NA;NA;NA;NA;NA;NA;NA;NA;NA;NA;NA;NA;NA;NA;NA;NA;NA;NA;NA;NA;NA;NA;NA;NA;NA;NA;NA;NA;NA;NA;7;NA;NA;;;;NA;;NA;NA;NA;NA;;NA;NA;NA;NA;;NA
26/05/2020 16:20;1803;ARE;EN;9;1;9;3;10;6;8;6;4;2;6;8;8;10;6;85;5;10;;6;6;5;5;5;5;2;5;5;0;4;5;10;10;10;0;5;6;4;10;8;5;5;6;6;6;4;4;4;6;7;6;6;2;6;1;3;1;6;1;1;10;9;3;0;6;5;0;5;7;9;10;10;5;14;5;25;3 min;3 hours;1;;45;3;3;1;;4;1;1;1;213;0
26/05/2020 17:09;19;ARE;EN;NA;NA;NA;NA;NA;NA;NA;NA;NA;NA;NA;NA;NA;NA;NA;NA;NA;NA;;NA;NA;NA;NA;NA;NA;NA;NA;NA;NA;NA;NA;NA;NA;NA;NA;NA;NA;NA;NA;NA;NA;NA;NA;NA;NA;NA;NA;NA;NA;NA;NA;NA;NA;NA;NA;NA;NA;NA;NA;NA;NA;NA;NA;NA;NA;NA;NA;NA;NA;NA;NA;NA;NA;NA;NA;;;;NA;;NA;NA;NA;NA;;NA;NA;NA;NA;;NA
27/05/2020 02:03;806;ARE;EN;6;2;6;8;8;7;7;7;6;8;7;8;1;7;4;80;20;0;;8;6;3;8;5;8;8;5;4;6;7;1;10;10;10;0;0;7;6;5;7;5;8;5;10;10;10;7;7;10;7;10;6;4;6;3;7;1;7;5;0;10;10;6;0;7;7;0;7;7;10;50;70;2;16;6;25;3 minutes;7;2;;27;1;0;4;;4;1;1;2;213;8
27/05/2020 05:55;13017;ARE;EN;9;0;7;10;10;NA;NA;NA;NA;NA;NA;NA;NA;NA;NA;NA;NA;NA;;NA;NA;NA;NA;NA;NA;NA;NA;NA;NA;NA;NA;NA;NA;NA;NA;NA;5;5;9;7;NA;7;5;NA;NA;NA;NA;NA;NA;NA;NA;NA;NA;4;6;9;3;8;4;0;NA;NA;NA;NA;NA;NA;NA;NA;NA;NA;NA;NA;5;16;5;;;;NA;;NA;NA;NA;NA;;NA;NA;NA;NA;;NA
27/05/2020 07:40;8;ARE;EN;NA;NA;NA;NA;NA;NA;NA;NA;NA;NA;NA;NA;NA;NA;NA;NA;NA;NA;;NA;NA;NA;NA;NA;NA;NA;NA;NA;NA;NA;NA;NA;NA;NA;NA;NA;NA;NA;NA;NA;NA;NA;NA;NA;NA;NA;NA;NA;NA;NA;NA;NA;NA;NA;NA;NA;NA;NA;NA;NA;NA;NA;NA;NA;NA;NA;NA;NA;NA;NA;NA;NA;NA;NA;NA;;;;NA;;NA;NA;NA;NA;;NA;NA;NA;NA;;NA
27/05/2020 07:40;20;ARE;EN;NA;NA;NA;NA;NA;NA;NA;NA;NA;NA;NA;NA;NA;NA;NA;NA;NA;NA;;NA;NA;NA;NA;NA;NA;NA;NA;NA;NA;NA;NA;NA;NA;NA;NA;NA;NA;NA;NA;NA;NA;NA;NA;NA;NA;NA;NA;NA;NA;NA;NA;NA;NA;NA;NA;NA;NA;NA;NA;NA;NA;NA;NA;NA;NA;NA;NA;NA;NA;NA;NA;NA;NA;NA;NA;;;;NA;;NA;NA;NA;NA;;NA;NA;NA;NA;;NA
27/05/2020 08:01;76;ARE;EN;NA;NA;NA;NA;NA;NA;NA;NA;NA;NA;NA;NA;NA;NA;NA;NA;NA;NA;;NA;NA;NA;NA;NA;NA;NA;NA;NA;NA;NA;NA;NA;NA;NA;NA;NA;NA;NA;NA;NA;NA;NA;NA;8;8;NA;NA;NA;NA;NA;NA;NA;NA;NA;NA;NA;NA;NA;NA;NA;NA;NA;NA;NA;NA;NA;NA;NA;NA;NA;NA;NA;NA;NA;NA;;;;NA;;NA;NA;NA;NA;;NA;NA;NA;NA;;NA
27/05/2020 08:18;38;ARE;EN;NA;NA;NA;NA;NA;NA;NA;NA;NA;NA;NA;NA;NA;NA;NA;NA;NA;NA;;NA;NA;NA;NA;NA;NA;NA;NA;NA;NA;NA;NA;NA;NA;NA;NA;NA;NA;NA;NA;NA;NA;NA;NA;NA;NA;NA;NA;NA;NA;NA;NA;NA;NA;NA;NA;NA;NA;NA;NA;NA;NA;NA;NA;NA;NA;NA;NA;NA;NA;NA;NA;NA;NA;NA;NA;;;;NA;;NA;NA;NA;NA;;NA;NA;NA;NA;;NA
27/05/2020 08:26;72;ARE;EN;NA;NA;NA;NA;NA;NA;NA;NA;NA;NA;NA;NA;NA;NA;NA;NA;NA;NA;;NA;NA;NA;NA;NA;NA;NA;NA;NA;NA;NA;NA;NA;NA;NA;NA;NA;NA;NA;NA;NA;NA;NA;NA;NA;NA;NA;NA;NA;NA;NA;NA;NA;NA;NA;NA;NA;NA;NA;NA;NA;NA;NA;NA;NA;NA;NA;NA;NA;NA;NA;50;60;NA;NA;NA;;;;NA;;NA;NA;NA;NA;;NA;NA;NA;NA;;NA
27/05/2020 08:39;1034;ARE;EN;NA;NA;NA;NA;NA;9;9;9;6;10;NA;NA;NA;NA;NA;25;50;25;;6;6;NA;NA;NA;8;10;NA;NA;NA;NA;8;10;10;10;5;8;8;7;6;9;6;9;8;9;10;NA;NA;NA;NA;6;8;1;0;NA;NA;NA;NA;NA;NA;NA;9;9;2;1;8;NA;1;6;8;10;0;10;5;16;NA;;;;NA;;NA;NA;NA;NA;;NA;NA;NA;NA;;NA
27/05/2020 08:41;3024;ARE;EN;NA;NA;NA;NA;NA;7;7;10;7;5;10;5;10;10;10;NA;NA;NA;;7;6;NA;NA;NA;NA;NA;5;0;0;0;NA;NA;NA;NA;NA;NA;NA;NA;NA;NA;NA;NA;NA;10;10;NA;NA;NA;NA;8;9;4;0;NA;5;10;0;10;8;0;NA;NA;NA;NA;NA;NA;NA;NA;NA;NA;10;10;NA;16;NA;;;;NA;;NA;NA;NA;NA;;NA;NA;NA;NA;;NA
27/05/2020 08:59;381;ARE;EN;10;2;4;5;10;6;7;10;5;5;5;5;6;8;6;NA;NA;NA;;7;7;NA;NA;NA;5;2;0;0;0;0;8;7;10;9;0;0;5;5;8;9;4;5;5;NA;NA;8;9;9;9;5;6;5;5;7;6;5;5;5;5;2;NA;NA;NA;NA;NA;NA;NA;NA;NA;NA;60;40;4;9;NA;;;;NA;;NA;NA;NA;NA;;NA;NA;NA;NA;;0
27/05/2020 09:08;148;ARE;EN;NA;NA;NA;NA;NA;NA;NA;NA;NA;NA;NA;NA;NA;NA;NA;NA;NA;NA;;7;8;0;5;0;NA;NA;NA;NA;NA;NA;NA;NA;NA;NA;NA;NA;NA;NA;NA;NA;NA;NA;NA;10;10;NA;NA;NA;NA;NA;NA;NA;NA;NA;5;5;2;2;2;2;NA;NA;NA;NA;NA;NA;NA;NA;NA;NA;NA;NA;NA;NA;NA;;;;NA;;NA;NA;NA;NA;;NA;NA;NA;NA;;5
27/05/2020 09:27;915;ARE;EN;9;1;9;9;9;9;10;9;1;1;NA;NA;NA;NA;NA;90;10;0;;7;2;5;3;1;8;9;9;1;9;1;8;10;9;0;0;0;9;9;9;9;9;9;9;9;9;NA;NA;NA;NA;2;10;9;1;9;NA;NA;NA;NA;NA;NA;NA;NA;NA;NA;NA;NA;NA;NA;NA;NA;60;80;7;4;7;;;;NA;;NA;NA;NA;NA;;NA;NA;NA;NA;;0
27/05/2020 10:14;623;ARE;EN;5;0;10;10;10;10;10;10;10;10;10;10;5;10;10;30;50;20;;9;5;3;3;1;5;5;5;0;5;5;5;10;10;10;5;5;5;10;5;7;5;7;9;10;10;8;5;8;7;5;10;5;5;10;5;5;0;2;5;0;NA;NA;NA;NA;NA;NA;NA;NA;NA;NA;20;30;6;12;4;;;;NA;;NA;NA;NA;NA;;NA;NA;NA;NA;;5
27/05/2020 13:16;313;ARE;EN;NA;NA;NA;NA;NA;NA;NA;NA;NA;NA;NA;NA;NA;NA;NA;NA;NA;NA;;NA;NA;NA;NA;NA;NA;NA;NA;NA;NA;NA;NA;NA;NA;NA;NA;NA;NA;NA;NA;NA;NA;NA;NA;NA;NA;NA;NA;NA;NA;NA;NA;NA;NA;NA;6;9;0;7;6;4;NA;NA;NA;NA;NA;NA;NA;NA;NA;NA;NA;NA;NA;11;NA;;;;NA;;NA;NA;NA;NA;;NA;NA;NA;NA;;NA
27/05/2020 16:48;28;ARE;EN;NA;NA;NA;NA;NA;NA;NA;NA;NA;NA;NA;NA;NA;NA;NA;NA;NA;NA;;NA;NA;NA;NA;NA;NA;NA;NA;NA;NA;NA;NA;NA;NA;NA;NA;NA;NA;NA;NA;NA;NA;NA;NA;NA;NA;NA;NA;NA;NA;NA;NA;NA;NA;NA;NA;NA;NA;NA;NA;NA;NA;NA;NA;NA;NA;NA;NA;NA;NA;NA;NA;NA;NA;NA;NA;;;;NA;;NA;NA;NA;NA;;NA;NA;NA;NA;;NA
27/05/2020 18:30;2196;ARE;EN;9;1;9;9;10;8;8;8;7;7;9;9;2;5;4;95;2.5;2.5;;8;6;5;5;5;4;3;8;6;6;5;8;9;9;9;2;7;8;5;9;7;6;5;9;9;9;8;7;7;9;9;9;2;1;NA;5;8;5;7;5;6;NA;NA;NA;NA;NA;NA;NA;NA;NA;NA;50;50;5;16;NA;;;;NA;;NA;NA;NA;NA;;NA;NA;NA;NA;;0
27/05/2020 21:16;1865;ARE;EN;10;0;10;10;10;10;10;10;8;10;10;10;10;10;10;50;25;25;;2;4;5;5;5;5;5;9;5;8;10;5;10;10;10;0;2;5;5;5;5;5;8;5;9;10;NA;NA;NA;NA;7;7;8;7;NA;7;8;2;8;7;1;10;10;5;0;0;9;0;2;8;10;50;30;5;NA;NA;;;;NA;;NA;NA;NA;NA;;NA;NA;NA;NA;;NA
28/05/2020 02:26;1950;ARE;EN;10;0;10;10;10;8;8;10;8;10;1;10;1;10;10;80;10;10;;8;4;3;3;3;2;2;8;8;8;8;2;10;10;10;0;0;9;9;10;10;10;8;8;10;10;8;6;6;7;2;6;10;2;2;3;7;2;2;2;2;10;10;2;2;10;10;0;10;10;10;100;100;8;9;9;50 cents;300 minutes;4 hours;1;;47;3;2;1;;7;1;1;1;213;7
28/05/2020 05:09;639287;ARE;EN;NA;NA;NA;NA;NA;NA;NA;NA;NA;NA;NA;NA;NA;NA;NA;NA;NA;NA;;NA;NA;NA;NA;NA;NA;NA;NA;NA;NA;NA;NA;NA;NA;NA;NA;NA;NA;NA;NA;NA;NA;NA;NA;NA;NA;NA;NA;NA;NA;NA;NA;NA;NA;NA;NA;NA;NA;NA;NA;NA;NA;NA;NA;NA;NA;NA;NA;NA;NA;NA;NA;NA;NA;NA;NA;;;;NA;;NA;NA;NA;NA;;NA;NA;NA;NA;;NA
28/05/2020 05:13;30;ARE;EN;NA;NA;NA;NA;NA;NA;NA;NA;NA;NA;NA;NA;NA;NA;NA;NA;NA;NA;;NA;NA;NA;NA;NA;NA;NA;NA;NA;NA;NA;NA;NA;NA;NA;NA;NA;NA;NA;NA;NA;NA;NA;NA;NA;NA;NA;NA;NA;NA;NA;NA;NA;NA;NA;NA;NA;NA;NA;NA;NA;NA;NA;NA;NA;NA;NA;NA;NA;NA;NA;NA;NA;NA;NA;NA;;;;NA;;NA;NA;NA;NA;;NA;NA;NA;NA;;NA
28/05/2020 08:09;1133;ARE;EN;8;3;9;8;10;9;9;9;9;9;10;10;10;9;10;75;15;10;;7;7;7;7;6;3;4;7;3;6;3;2;9;9;7;8;8;8;8;8;8;8;8;8;8;8;7;7;7;7;7;9;6;4;8;7;8;4;5;5;2;8;8;4;1;4;4;3;6;3;8;70;70;6;1;6;50;900;7;1;;37;3;3;1;;5;1;1;1;213;9
28/05/2020 08:11;1329;ARE;EN;8;4;8;9;10;8;10;10;6;3;8;8;8;7;10;80;15;5;;5;7;5;6;8;1;5;5;5;5;5;3;9;9;8;2;2;10;8;8;8;6;3;3;7;7;4;6;8;8;5;9;8;3;7;6;8;3;7;6;3;10;10;5;1;6;5;1;4;5;9;80;80;5;16;5;50;300;4;1;;33;3;2;1;;4;1;1;2;213;0
28/05/2020 08:15;1591;ARE;EN;9;5;10;10;10;9;9;10;7;7;5;5;5;5;3;95;3.5;1.5;;8;8;1;5;5;10;3;1;1;1;1;1;9;9;9;4;6;9;7;8;7;7;7;8;8;8;8;9;8;9;5;3;4;2;7;6;4;5;6;6;1;8;6;3;2;7;2;7;0;0;7;30;50;5;3;8;25;100 minutes;4;1;;35;1;0;1;;3;1;1;2;213;0
28/05/2020 08:20;1592;ARE;EN;1;8;2;2;3;3;3;8;7;8;0;0;0;0;0;90;5;5;;8;7;2;1;2;8;8;0;0;0;0;2;10;10;10;2;0;10;9;9;8;6;7;9;8;9;8;8;8;10;3;7;7;2;8;2;8;2;8;7;1;8;8;7;7;6;6;1;7;7;7;10;10;6;9;8;50;1 minute;7 hours;1;;44;2;0;3;;4;1;1;1;213;0
28/05/2020 08:23;1072;ARE;EN;10;0;0;10;10;10;10;10;0;6;10;10;10;10;10;100;0;0;;9;6;5;5;5;2;2;7;0;0;1;0;10;10;10;0;0;6;3;7;5;2;5;5;9;9;10;8;9;9;3;8;3;4;5;5;5;4;2;4;2;7;5;3;0;3;2;2;0;5;5;60;60;6;3;8;50;3min;7hrs;1;;36;3;1;1;;4;1;1;1;213;0
28/05/2020 08:23;1596;ARE;EN;10;0;10;10;10;10;10;10;5;9;0;0;0;0;0;70;20;10;;5;6;2;4;5;6;2;0;0;0;0;2;9;10;10;0;1;9;10;7;10;5;9;0;10;10;8;10;10;7;3;5;7;7;10;0;3;3;4;3;0;10;10;6;0;6;6;0;3;6;10;50;50;4;9;8;25;3;7;1;;53;3;3;1;;5;1;1;1;213;0
28/05/2020 11:50;1002;ARE;EN;8;3;8;8;9;6;6;8;7;6;4;4;4;7;3;80;15;5;;7;7;4;4;4;7;7;7;5;7;7;5;8;7;8;4;4;6;4;9;8;8;8;7;9;10;6;8;8;7;7;5;4;5;6;4;3;7;7;6;3;4;4;6;4;4;7;5;7;5;5;60;70;5;2;6;50;300;4;2;;35;3;1;1;;6;1;1;2;213;0
28/05/2020 12:04;1260;ARE;EN;10;0;10;10;10;10;7;10;0;0;10;10;10;10;10;100;0;0;;5;6;7;5;4;7;5;0;5;4;4;3;10;10;10;1;1;10;7;5;4;5;5;5;8;8;9;9;7;8;2;10;10;3;8;6;9;3;8;8;0;10;10;9;0;7;5;0;3;0;8;70;50;6;3;10;50;3;;1;;35;3;2;1;;6;1;1;1;213;0
28/05/2020 20:09;2085;ARE;EN;NA;NA;NA;NA;NA;10;10;10;10;10;10;10;0;10;10;20;50;30;;NA;NA;10;10;10;0;0;10;10;10;10;NA;NA;NA;NA;NA;NA;5;10;0;6;10;10;3;10;10;10;10;10;10;10;5;10;10;10;9;10;10;10;10;10;10;9;8;8;8;9;8;10;10;10;NA;NA;10;16;10;;;;NA;;NA;NA;NA;NA;;NA;NA;NA;NA;;10
28/05/2020 21:34;1126;ARE;EN;NA;NA;NA;NA;NA;NA;NA;NA;NA;NA;NA;NA;NA;NA;NA;NA;NA;NA;;NA;NA;NA;NA;NA;0;0;NA;NA;NA;NA;NA;NA;NA;NA;NA;NA;NA;NA;NA;NA;NA;NA;NA;NA;NA;NA;NA;NA;NA;3;10;10;0;10;NA;NA;NA;NA;NA;NA;0;0;0;10;10;10;10;8;10;10;0;0;NA;NA;NA;;;;NA;;NA;NA;NA;NA;;NA;NA;NA;NA;;NA
28/05/2020 23:56;927;ARE;EN;10;0;10;10;10;10;10;10;10;10;10;10;3;10;10;80;10;10;;6;3;0;0;0;2;2;10;10;10;10;2;10;10;10;0;0;4;4;4;5;0;3;5;10;10;4;6;6;6;6;7;4;4;8;5;5;2;5;5;1;10;10;10;2;8;10;2;2;7;9;100;100;5;12;4;25 cents;3 minutes;7 hours;2;;35;2;0;3;;3;1;1;1;213;5
29/05/2020 01:06;2113;ARE;EN;10;0;10;10;10;9;9;10;10;10;10;10;10;10;10;80;10;10;;3;9;0;0;0;8;8;9;5;9;5;1;10;10;10;0;10;9;2;9;9;5;5;2;4;7;5;6;6;3;8;7;8;0;7;5;5;0;9;5;0;10;10;10;0;7;8;0;3;3;10;50;80;5;9;4;50;3;64;1;;43;3;2;1;;4;1;1;1;213;10
29/05/2020 03:28;3534;ARE;EN;10;0;9;8;10;7;7;9;6;6;2;4;3;9;7;90;8;2;;8;9;4;4;4;7;3;0;0;0;0;2;8;6;7;1;2;8;7;8;6;3;6;2;9;9;8;8;8;9;6;8;6;3;7;4;4;4;6;3;3;8;8;4;3;4;8;3;3;7;8;20;30;6;3;9;50;3;.5;1;;50;3;3;1;;4;1;1;1;213;0
29/05/2020 04:13;2132;ARE;EN;4;6;8;4;9;9;7;10;6;2;9;9;10;10;10;60;40;0;;5;6;2;5;0;10;7;1;0;0;0;2;10;10;9;0;0;10;2;8;10;8;7;10;8;9;8;10;10;10;7;4;7;5;8;5;5;3;7;4;0;10;10;5;0;6;5;0;3;3;8;50;70;5;4;9;50;900;;2;;30;3;0;4;;3;1;1;2;213;0
29/05/2020 06:09;159;ARE;EN;NA;NA;NA;NA;NA;NA;NA;NA;NA;NA;NA;NA;NA;NA;NA;NA;NA;NA;;NA;NA;NA;NA;NA;NA;NA;NA;NA;NA;NA;NA;NA;NA;NA;NA;NA;NA;NA;NA;NA;NA;NA;NA;NA;NA;NA;NA;NA;NA;NA;NA;NA;NA;NA;NA;NA;NA;NA;NA;NA;NA;NA;NA;NA;NA;NA;NA;NA;NA;NA;NA;NA;6;NA;NA;;;;NA;;NA;NA;NA;NA;;NA;NA;NA;NA;;NA
29/05/2020 10:03;2188;ARE;EN;9;8;7;7;8;8;8;8;9;3;4;4;3;3;5;50;40;10;;5;3;7;7;5;8;8;10;10;10;10;7;9;9;9;0;1;8;8;9;8;8;5;6;9;9;4;8;9;9;7;8;4;1;9;6;7;1;7;8;2;9;9;9;0;7;7;0;6;8;8;50;50;5;16;8;0.5;1 minute;2;2;;35;3;2;1;;3;1;1;2;213;7
29/05/2020 10:45;1807;ARE;EN;10;1;10;8;9;10;10;10;3;10;1;1;1;10;1;80;10;10;;3;3;3;9;9;2;9;3;3;3;3;8;10;10;10;0;0;5;5;5;5;5;5;5;8;7;4;10;9;8;4;4;7;1;8;0;7;1;6;3;8;8;9;0;0;7;8;5;10;10;10;10;60;5;16;7;50;300;4;1;;23;2;0;4;;7;1;1;1;213;0
29/05/2020 14:31;1024;ARE;EN;9;2;9;9;7;9;8;10;7;5;7;9;4;3;4;70;20;10;;8;7;5;5;5;8;8;8;2;7;1;7;9;7;8;1;1;NA;NA;NA;NA;NA;NA;NA;8;9;8;7;8;9;7;9;8;6;8;7;8;5;5;3;3;9;8;2;0;5;3;1;5;8;8;10;60;5;9;9;;;;NA;;NA;NA;NA;NA;;NA;NA;NA;NA;;0
29/05/2020 22:58;45400;ARE;EN;8;2;9;8;8;10;9;8;8;8;3;3;3;3;4;60;20;20;;8;7;2;3;3;8;4;7;1;3;3;3;7;7;8;5;2;5;8;8;6;6;7;7;10;8;8;8;8;10;7;7;2;1;7;3;5;3;5;3;1;8;8;4;3;6;7;1;7;6;6;60;80;4;10;7;50;5 hours;4;2;;44;3;2;3;;4;1;1;1;two hundred thirteen;8
30/05/2020 01:44;665;ARE;EN;8;8;8;8;9;8;7;9;7;8;8;8;9;8;8;35;35;30;;9;7;7;8;7;8;8;8;6;3;9;7;2;8;9;7;2;8;9;9;9;9;8;10;9;9;8;8;9;8;8;8;8;2;9;6;7;4;8;9;7;8;8;7;8;8;9;8;10;9;9;90;80;8;3;8;;;;NA;;NA;NA;NA;NA;;NA;NA;NA;NA;;7
30/05/2020 02:46;52;ARE;EN;NA;NA;NA;NA;NA;NA;NA;NA;NA;NA;NA;NA;NA;NA;NA;NA;NA;NA;;NA;NA;NA;NA;NA;NA;NA;NA;NA;NA;NA;NA;NA;NA;NA;NA;NA;NA;NA;NA;NA;NA;NA;NA;NA;NA;NA;NA;NA;NA;NA;NA;NA;NA;NA;NA;NA;NA;NA;NA;NA;NA;NA;NA;NA;NA;NA;NA;NA;NA;NA;NA;NA;NA;NA;NA;;;;NA;;NA;NA;NA;NA;;NA;NA;NA;NA;;NA
30/05/2020 02:49;1084;ARE;EN;9;0;9;10;10;9;9;10;10;9;9;9;4;10;10;50;30;20;;4;6;3;6;6;8;6;8;2;9;1;2;9;10;10;9;0;6;9;9;9;7;6;9;8;9;4;6;6;7;7;6;4;4;4;6;5;6;7;5;2;NA;NA;NA;NA;NA;NA;NA;NA;NA;NA;70;90;5;11;4;;;;NA;;NA;NA;NA;NA;;NA;NA;NA;NA;;0
30/05/2020 06:24;1564;ARE;EN;10;0;10;10;10;10;10;10;10;10;10;10;10;0;10;80;10;10;;6;7;6;6;9;6;6;7;6;6;6;4;9;10;10;0;0;6;6;10;10;10;3;3;6;3;6;6;7;9;7;7;2;0;7;7;9;4;7;4;3;10;10;8;0;8;6;0;3;3;10;40;40;6;11;6;25 cents;3 minutes;7 Hours;2;;30;3;0;1;;6;1;1;1;213;0
30/05/2020 08:09;188389;ARE;EN;NA;NA;NA;NA;NA;NA;NA;NA;NA;NA;NA;NA;NA;NA;NA;NA;NA;NA;;NA;NA;NA;NA;NA;NA;NA;NA;NA;NA;NA;NA;NA;NA;NA;NA;NA;NA;NA;NA;NA;NA;NA;NA;NA;NA;NA;NA;NA;NA;NA;NA;NA;NA;NA;7;6;2;9;5;1;10;10;6;1;6;6;1;7;6;8;NA;NA;NA;NA;NA;;;;NA;;NA;NA;NA;NA;;NA;NA;NA;NA;;0
30/05/2020 08:29;3958;ARE;EN;9;1;10;9;10;8;8;10;10;8;9;9;6;10;10;70;10;20;;7;7;1;5;5;7;8;1;0;0;0;1;9;10;9;0;1;9;10;7;5;5;5;2;9;10;5;8;9;9;8;10;4;3;9;7;5;5;6;5;3;10;10;9;0;8;6;0;8;8;10;70;50;5;16;10;25 cents;3 minutes;7 hours;1;;36;3;0;1;;4;1;1;2;213;0
30/05/2020 08:34;1839;ARE;EN;10;0;10;10;10;2;1;10;9;10;8;8;8;8;9;90;5;5;;10;10;0;0;0;7;3;0;0;0;0;9;10;10;10;2;1;7;7;9;9;7;6;3;9;9;10;10;10;10;9;9;3;1;9;1;3;0;0;0;0;8;9;7;0;9;9;2;7;9;8;60;90;5;16;10;25;3 mins;7 hours;2;;34;3;0;1;;8;1;1;2;213;0
30/05/2020 10:53;2600;ARE;EN;9;1;10;9;10;9;9;9;9;10;10;9;9;10;10;98;2;0;;3;7;0;5;0;5;6;1;0;0;0;1;10;10;10;0;1;9;9;6;9;1;4;3;9;9;9;8;10;9;6;8;6;7;7;3;8;3;8;5;1;9;8;4;0;5;5;1;7;7;7;80;90;2;9;7;50;3 minutes;7 hours;2;;25;1;0;4;;5;1;1;1;213;0
30/05/2020 12:52;880;ARE;EN;3;3;4;7;10;7;7;10;8;8;5;5;3;4;3;80;10;10;;8;7;0;5;5;0;0;5;5;0;4;3;9;9;8;2;0;7;6;8;7;5;3;2;9;10;5;5;5;8;3;7;7;7;9;0;5;0;5;0;0;9;9;2;0;6;4;0;3;3;9;30;30;2;16;8;25;300;4;2;;36;1;0;4;;2;1;1;2;213;0
31/05/2020 00:36;4306;ARE;EN;3;7;10;10;10;9;9;10;10;7;3;3;3;3;7;70;20;10;;5;5;5;5;5;7;7;9;5;6;5;2;10;10;10;0;0;5;5;5;5;0;2;0;8;8;8;8;8;10;7;6;8;6;5;5;8;0;5;5;0;8;8;5;1;1;1;1;5;1;7;80;70;5;10;8;50;1;7 hours;2;;28;2;0;1;;4;1;1;1;213;5
31/05/2020 03:37;1018;ARE;EN;10;10;10;10;10;10;10;10;7;8;NA;NA;NA;NA;NA;NA;NA;NA;;3;5;NA;NA;NA;NA;NA;NA;NA;NA;NA;NA;NA;NA;NA;NA;NA;NA;NA;NA;NA;NA;NA;NA;9;9;NA;NA;NA;NA;NA;NA;NA;NA;NA;7;10;5;10;9;6;NA;NA;NA;NA;NA;NA;NA;NA;NA;NA;30;50;5;1;NA;;;;NA;;NA;NA;NA;NA;;NA;NA;NA;NA;;NA
31/05/2020 04:17;5992;ARE;EN;8;3;8;8;10;6;6;8;8;8;8;10;7;10;10;50;25;25;;6;6;0;0;0;9;9;0;0;0;0;0;10;10;10;0;0;7;7;7;7;2;8;10;9;9;5;5;5;5;6;7;5;3;8;3;1;0;0;0;0;9;9;0;0;6;6;1;2;4;9;50;50;5;8;7;50;300;4;1;;39;3;3;1;;6;1;1;1;213;0
31/05/2020 04:42;461;ARE;EN;9;0;5;7;10;NA;NA;NA;NA;NA;NA;NA;NA;NA;NA;NA;NA;NA;;5;5;NA;NA;NA;5;5;NA;NA;NA;NA;NA;NA;NA;NA;NA;NA;5;5;5;5;5;5;5;9;9;NA;NA;NA;NA;NA;NA;NA;NA;7;NA;NA;NA;NA;NA;NA;NA;NA;NA;NA;NA;NA;NA;NA;NA;NA;NA;NA;NA;NA;5;;;;NA;;NA;NA;NA;NA;;NA;NA;NA;NA;;NA
31/05/2020 06:24;1851;ARE;EN;10;0;10;10;10;8;8;10;10;0;10;10;3;10;10;70;15;15;;10;6;0;0;0;5;5;5;5;5;5;0;10;10;10;0;0;10;10;10;10;5;10;10;7;5;7;10;10;10;5;7;6;6;4;3;5;0;3;3;2;10;10;5;0;2;8;0;0;0;10;70;70;0;16;7;0.25;100;4;2;;29;2;0;1;;5;1;1;2;213;0
31/05/2020 08:02;1481;ARE;EN;9;9;9;8;9;9;9;8;8;10;9;9;9;9;9;30;45;25;;8;6;3;3;3;9;9;0;0;0;0;5;9;9;9;0;0;9;9;8;9;8;8;1;10;10;8;8;8;9;8;8;5;5;8;4;8;0;8;5;0;9;9;8;1;8;7;1;8;8;9;80;100;5;10;8;25 cents;3 minutes;2hours;2;;30;3;0;1;;5;1;1;2;213;0
31/05/2020 09:41;800;ARE;EN;NA;NA;NA;NA;NA;NA;NA;NA;NA;NA;NA;NA;NA;NA;NA;NA;NA;NA;;NA;NA;NA;NA;NA;NA;NA;NA;NA;NA;NA;NA;NA;NA;NA;NA;NA;NA;NA;NA;NA;NA;NA;NA;NA;NA;2;2;9;10;NA;NA;NA;NA;NA;7;6;10;10;9;7;4;7;9;2;6;8;6;8;7;6;NA;NA;NA;NA;NA;;;;NA;;NA;NA;NA;NA;;NA;NA;NA;NA;;4
31/05/2020 11:59;1437;ARE;EN;10;0;10;10;10;2;2;6;0;1;9;9;8;10;8;20;50;30;;3;4;1;2;1;2;1;0;0;0;0;1;9;9;9;2;2;5;8;8;6;1;10;7;7;8;2;1;2;1;8;6;3;4;3;3;1;7;2;1;8;9;9;1;0;5;4;1;5;8;8;50;50;5;15;8;25;3;7;1;;46;3;3;1;;3;1;1;1;213;0
31/05/2020 12:02;1839;ARE;EN;9;1;1;9;10;1;2;7;6;7;9;10;9;10;10;90;10;0;;5;5;0;0;0;0;0;1;0;0;0;2;10;10;10;0;1;5;5;9;8;7;9;10;9;10;10;1;10;6;9;10;4;0;9;6;5;5;5;6;0;8;8;5;0;7;9;0;9;8;6;10;10;5;14;4;25;3 minutes;7;2;;27;1;0;1;;4;1;1;2;213;0
31/05/2020 12:05;634;ARE;EN;10;0;10;10;10;7;7;9;6;10;10;10;10;10;10;80;10;10;;5;7;0;0;0;2;0;0;0;0;0;1;10;10;10;0;2;8;8;6;6;3;5;4;7;6;7;8;9;6;4;7;9;6;8;4;3;3;3;1;0;9;7;3;1;6;7;7;6;6;8;60;80;1;16;8;25;3;7;2;;37;3;3;1;;3;1;1;1;213;0
01/06/2020 01:01;814;ARE;EN;10;0;8;3;10;4;5;10;3;7;4;4;0;10;8;100;0;0;;3;4;4;2;0;6;6;3;0;0;0;0;10;10;10;0;0;7;4;8;9;5;7;10;10;10;5;5;5;4;9;6;6;9;7;4;3;0;5;4;0;7;7;0;1;4;4;4;3;5;5;40;50;7;3;6;50;3;7;1;;25;1;0;4;;3;1;1;1;213;0
01/06/2020 07:24;1176;ARE;EN;9;0;4;9;9;9;9;10;7;5;9;9;9;10;10;50;40;10;;9;8;9;5;7;9;10;6;2;4;3;3;9;8;9;1;2;8;7;9;9;8;9;7;9;9;7;7;7;8;7;8;6;4;9;6;8;5;8;6;3;9;10;7;0;6;7;2;6;8;9;50;30;10;14;9;50;100;16;2;;43;3;0;1;;2;1;1;1;213;0
02/06/2020 00:55;3661;ARE;EN;5;6;5;7;4;4;5;7;4;6;8;7;6;7;7;60;39;1;;6;4;5;6;5;7;7;7;6;8;7;4;4;6;6;5;5;6;4;5;5;5;5;5;6;6;6;4;5;5;4;4;8;6;5;5;7;4;8;7;2;7;6;4;5;4;4;3;5;6;6;70;90;4;3;8;;;;2;;30;3;1;1;;5;1;1;2;213;5
02/06/2020 04:24;87;ARE;EN;NA;NA;NA;NA;NA;NA;NA;NA;NA;NA;10;10;10;10;10;NA;NA;NA;;NA;NA;NA;NA;NA;NA;NA;NA;NA;NA;NA;NA;NA;NA;NA;NA;NA;NA;NA;NA;NA;NA;NA;NA;NA;NA;NA;NA;NA;NA;NA;NA;NA;NA;NA;NA;NA;NA;NA;NA;NA;NA;NA;NA;NA;NA;NA;NA;NA;NA;NA;NA;NA;NA;NA;NA;;;;NA;;NA;NA;NA;NA;;NA;NA;NA;NA;;0
02/06/2020 04:31;173;ARE;EN;NA;NA;NA;NA;NA;NA;NA;NA;NA;NA;NA;NA;NA;NA;NA;NA;NA;NA;;NA;NA;NA;NA;NA;NA;NA;NA;NA;NA;NA;NA;NA;NA;NA;NA;NA;NA;NA;NA;NA;NA;NA;NA;4;10;NA;NA;NA;NA;NA;NA;NA;NA;NA;NA;NA;NA;NA;NA;NA;NA;NA;NA;NA;NA;NA;NA;NA;NA;NA;NA;NA;NA;NA;NA;;;;NA;;NA;NA;NA;NA;;NA;NA;NA;NA;;NA
02/06/2020 04:48;29;ARE;EN;NA;NA;NA;NA;NA;NA;NA;NA;NA;NA;NA;NA;NA;NA;NA;NA;NA;NA;;NA;NA;NA;NA;NA;NA;NA;NA;NA;NA;NA;NA;NA;NA;NA;NA;NA;NA;NA;NA;NA;NA;NA;NA;NA;NA;NA;NA;NA;NA;NA;NA;NA;NA;NA;NA;NA;NA;NA;NA;NA;NA;NA;NA;NA;NA;NA;NA;NA;NA;NA;NA;NA;NA;NA;NA;;;;NA;;NA;NA;NA;NA;;NA;NA;NA;NA;;NA
02/06/2020 04:49;1602;ARE;EN;10;0;10;10;10;9;8;9;8;8;7;8;6;9;9;5;50;45;;6;4;8;9;8;9;10;6;6;7;7;6;8;10;10;6;9;9;8;8;8;8;8;8;9;8;10;9;10;10;8;8;1;1;9;6;8;0;9;9;2;9;10;5;1;5;5;0;9;10;9;10;10;9;4;10;;;;2;;18;1;0;4;;NA;NA;NA;NA;;0
02/06/2020 04:49;106;ARE;EN;NA;NA;NA;NA;NA;NA;NA;NA;NA;NA;NA;NA;NA;NA;NA;NA;NA;NA;;NA;NA;NA;NA;NA;NA;NA;NA;NA;NA;NA;NA;NA;NA;NA;NA;NA;NA;NA;NA;NA;NA;NA;NA;NA;NA;NA;NA;NA;NA;NA;NA;NA;NA;NA;NA;NA;NA;NA;NA;NA;NA;NA;NA;NA;NA;NA;NA;NA;NA;NA;NA;NA;NA;NA;NA;;;;NA;;NA;NA;NA;NA;;NA;NA;NA;NA;;NA
02/06/2020 11:23;1260;ARE;EN;8;2;4;8;8;3;10;9;9;9;7;7;7;7;7;70;20;10;;7;6;2;8;6;9;9;2;3;3;3;1;1;8;10;3;0;9;8;9;8;0;1;0;10;8;6;7;6;6;8;8;6;5;9;4;3;3;9;3;0;9;8;6;0;8;7;0;1;1;8;50;80;7;10;7;50;900;16;2;;42;1;1;1;;3;1;1;1;213;0
02/06/2020 11:53;10;ARE;EN;NA;NA;NA;NA;NA;NA;NA;NA;NA;NA;NA;NA;NA;NA;NA;NA;NA;NA;;NA;NA;NA;NA;NA;NA;NA;NA;NA;NA;NA;NA;NA;NA;NA;NA;NA;NA;NA;NA;NA;NA;NA;NA;NA;NA;NA;NA;NA;NA;NA;NA;NA;NA;NA;NA;NA;NA;NA;NA;NA;NA;NA;NA;NA;NA;NA;NA;NA;NA;NA;NA;NA;NA;NA;NA;;;;NA;;NA;NA;NA;NA;;NA;NA;NA;NA;;NA
02/06/2020 13:07;15439;ARE;EN;NA;NA;NA;NA;NA;10;10;10;10;10;10;10;10;10;10;86;7;7;;NA;NA;NA;NA;NA;NA;NA;NA;NA;NA;NA;10;10;10;10;7;10;NA;NA;NA;NA;NA;NA;NA;10;10;10;10;10;10;NA;NA;NA;NA;NA;10;10;0;10;10;10;NA;NA;NA;NA;NA;NA;NA;NA;NA;NA;NA;NA;7;NA;10;;;;NA;;NA;NA;NA;NA;;NA;NA;NA;NA;;NA
02/06/2020 14:20;904;ARE;EN;5;2;8;5;5;0;0;0;8;5;5;5;5;5;5;55;30;15;;5;5;5;5;5;0;0;5;5;5;5;10;10;5;5;5;5;5;5;5;5;5;6;5;0;0;5;0;0;0;5;4;5;0;0;NA;NA;NA;NA;NA;NA;5;5;5;5;5;5;5;5;5;6;20;50;6;16;10;;;;NA;;NA;NA;NA;NA;;NA;NA;NA;NA;;5
02/06/2020 22:29;1045;ARE;EN;10;0;10;10;10;10;10;10;10;10;10;10;10;10;10;100;0;0;;7;5;5;5;5;5;5;5;5;8;8;2;10;10;10;2;2;0;0;0;0;0;0;0;10;10;10;10;10;7;8;8;6;5;10;7;8;0;8;8;0;10;10;10;0;8;8;2;8;8;8;0;80;8;7;8;50;30000;8;2;;40;2;1;1;;3;1;1;1;213;0
03/06/2020 05:56;63;ARE;EN;NA;NA;NA;NA;NA;NA;NA;NA;NA;NA;NA;NA;NA;NA;NA;NA;NA;NA;;NA;NA;NA;NA;NA;NA;NA;NA;NA;NA;NA;NA;NA;NA;NA;NA;NA;NA;NA;NA;NA;NA;NA;NA;NA;NA;NA;NA;NA;NA;NA;NA;NA;NA;NA;NA;NA;NA;NA;NA;NA;NA;NA;NA;NA;NA;NA;NA;NA;NA;NA;NA;NA;NA;NA;NA;;;;NA;;NA;NA;NA;NA;;NA;NA;NA;NA;;NA
03/06/2020 14:11;2588;ARE;EN;10;0;10;10;10;10;10;10;8;10;10;10;10;10;9;70;20;10;;4;4;0;0;0;6;6;0;0;0;0;0;10;10;10;0;6;6;9;10;5;4;4;4;10;10;10;7;7;9;8;4;8;10;3;10;8;2;6;6;6;10;10;9;0;8;10;0;8;9;10;10;40;6;16;7;50 cents;3 minutes;4;2;;34;3;0;1;;4;1;1;2;213;0
04/06/2020 03:22;92165;ARE;EN;NA;NA;NA;NA;NA;NA;NA;NA;NA;NA;NA;NA;NA;NA;NA;NA;NA;NA;;NA;NA;NA;NA;NA;NA;NA;NA;NA;NA;NA;NA;NA;NA;NA;NA;NA;NA;NA;NA;NA;NA;NA;NA;NA;NA;NA;NA;NA;NA;NA;NA;NA;NA;NA;NA;NA;NA;NA;NA;NA;NA;NA;NA;NA;NA;NA;NA;NA;NA;NA;NA;NA;NA;NA;NA;;;;NA;;NA;NA;NA;NA;;NA;NA;NA;NA;;NA
04/06/2020 07:38;20;ARE;EN;NA;NA;NA;NA;NA;NA;NA;NA;NA;NA;NA;NA;NA;NA;NA;NA;NA;NA;;NA;NA;NA;NA;NA;NA;NA;NA;NA;NA;NA;NA;NA;NA;NA;NA;NA;NA;NA;NA;NA;NA;NA;NA;NA;NA;NA;NA;NA;NA;NA;NA;NA;NA;NA;NA;NA;NA;NA;NA;NA;NA;NA;NA;NA;NA;NA;NA;NA;NA;NA;NA;NA;NA;NA;NA;;;;NA;;NA;NA;NA;NA;;NA;NA;NA;NA;;0
04/06/2020 07:38;12;ARE;EN;NA;NA;NA;NA;NA;NA;NA;NA;NA;NA;NA;NA;NA;NA;NA;NA;NA;NA;;NA;NA;NA;NA;NA;NA;NA;NA;NA;NA;NA;NA;NA;NA;NA;NA;NA;NA;NA;NA;NA;NA;NA;NA;NA;NA;NA;NA;NA;NA;NA;NA;NA;NA;NA;NA;NA;NA;NA;NA;NA;NA;NA;NA;NA;NA;NA;NA;NA;NA;NA;NA;NA;NA;NA;NA;;;;NA;;NA;NA;NA;NA;;NA;NA;NA;NA;;NA
04/06/2020 07:46;152;ARE;EN;NA;NA;NA;NA;NA;NA;NA;NA;NA;NA;NA;NA;NA;NA;NA;NA;NA;NA;;5;5;NA;NA;NA;NA;NA;NA;NA;NA;NA;NA;NA;NA;NA;NA;NA;NA;NA;NA;NA;NA;NA;NA;6;8;7;8;9;10;NA;NA;NA;NA;7;NA;NA;NA;NA;NA;NA;NA;NA;NA;NA;NA;NA;NA;NA;NA;NA;NA;NA;5;NA;NA;;;;NA;;NA;NA;NA;NA;;NA;NA;NA;NA;;7
04/06/2020 07:46;53;ARE;EN;NA;NA;NA;NA;NA;NA;NA;NA;NA;NA;NA;NA;NA;NA;NA;NA;NA;NA;;NA;NA;NA;NA;NA;NA;NA;NA;NA;NA;NA;NA;NA;NA;NA;NA;NA;NA;NA;NA;NA;NA;NA;NA;NA;NA;NA;NA;NA;NA;NA;NA;NA;NA;NA;NA;NA;NA;NA;NA;NA;NA;NA;NA;NA;NA;NA;NA;NA;NA;NA;NA;NA;NA;NA;NA;;;;NA;;NA;NA;NA;NA;;NA;NA;NA;NA;;NA
04/06/2020 08:03;57;ARE;EN;NA;NA;NA;NA;NA;NA;NA;NA;NA;NA;NA;NA;NA;NA;NA;NA;NA;NA;;NA;NA;NA;NA;NA;NA;NA;NA;NA;NA;NA;NA;NA;NA;NA;NA;NA;NA;NA;NA;NA;NA;NA;NA;NA;NA;NA;NA;NA;NA;NA;NA;NA;NA;NA;NA;NA;NA;NA;NA;NA;NA;NA;NA;NA;NA;NA;NA;NA;NA;NA;NA;NA;NA;NA;NA;;;;NA;;NA;NA;NA;NA;;NA;NA;NA;NA;;NA
04/06/2020 08:07;1540;ARE;EN;10;0;10;10;10;9;8;10;10;8;10;10;10;10;10;80;10;10;;8;10;5;5;5;5;0;8;8;8;8;3;10;10;10;0;5;8;8;8;8;8;8;8;10;10;8;8;8;8;8;8;10;0;8;8;5;2;8;8;2;10;10;8;0;8;8;0;8;7;8;50;50;8;16;8;;;;NA;;NA;NA;NA;NA;;NA;NA;NA;NA;;10
04/06/2020 08:21;186;ARE;EN;NA;NA;NA;NA;NA;NA;NA;NA;NA;NA;9;10;8;8;10;NA;NA;NA;;NA;NA;NA;NA;NA;NA;NA;NA;NA;NA;NA;NA;NA;NA;NA;NA;NA;NA;NA;NA;NA;NA;NA;NA;NA;NA;NA;NA;NA;NA;NA;NA;NA;NA;NA;NA;NA;NA;NA;NA;NA;NA;NA;NA;NA;NA;NA;NA;NA;NA;NA;NA;NA;NA;NA;10;;;;NA;;NA;NA;NA;NA;;NA;NA;NA;NA;;NA
04/06/2020 08:29;516;ARE;EN;NA;NA;NA;NA;NA;10;10;10;10;5;10;10;2;5;3;25;42;33;;10;10;NA;NA;NA;10;10;0;0;0;0;6;7;7;6;6;7;1;3;1;3;2;0;2;5;8;10;10;10;10;4;8;8;7;5;4;4;5;5;5;5;5;5;5;5;5;5;5;5;5;5;NA;NA;NA;10;10;;;;NA;;NA;NA;NA;NA;;NA;NA;NA;NA;;NA
04/06/2020 08:36;224;ARE;EN;NA;NA;NA;NA;NA;9;8;6;7;6;NA;NA;NA;NA;NA;NA;NA;NA;;NA;NA;NA;NA;NA;NA;NA;NA;NA;NA;NA;1;10;8;7;7;6;NA;NA;NA;NA;NA;NA;NA;NA;NA;NA;NA;NA;NA;NA;NA;NA;NA;NA;NA;NA;NA;NA;NA;NA;NA;NA;NA;NA;NA;NA;NA;NA;NA;NA;NA;NA;NA;NA;NA;;;;NA;;NA;NA;NA;NA;;NA;NA;NA;NA;;NA
04/06/2020 08:51;74;ARE;EN;NA;NA;NA;NA;NA;NA;NA;NA;NA;NA;NA;NA;NA;NA;NA;NA;NA;NA;;NA;NA;NA;NA;NA;NA;NA;NA;NA;NA;NA;NA;NA;NA;NA;NA;NA;NA;NA;NA;NA;NA;NA;NA;NA;NA;NA;NA;NA;NA;NA;NA;NA;NA;NA;NA;NA;NA;NA;NA;NA;NA;NA;NA;NA;NA;NA;NA;NA;NA;NA;NA;NA;NA;NA;NA;;;;NA;;NA;NA;NA;NA;;NA;NA;NA;NA;;5
04/06/2020 09:07;14;ARE;EN;NA;NA;NA;NA;NA;NA;NA;NA;NA;NA;NA;NA;NA;NA;NA;NA;NA;NA;;NA;NA;NA;NA;NA;NA;NA;NA;NA;NA;NA;NA;NA;NA;NA;NA;NA;NA;NA;NA;NA;NA;NA;NA;NA;NA;NA;NA;NA;NA;NA;NA;NA;NA;NA;NA;NA;NA;NA;NA;NA;NA;NA;NA;NA;NA;NA;NA;NA;NA;NA;NA;NA;NA;NA;NA;;;;NA;;NA;NA;NA;NA;;NA;NA;NA;NA;;NA
04/06/2020 11:38;33;ARE;EN;NA;NA;NA;NA;NA;NA;NA;NA;NA;NA;NA;NA;NA;NA;NA;NA;NA;NA;;NA;NA;NA;NA;NA;NA;NA;NA;NA;NA;NA;NA;NA;NA;NA;NA;NA;NA;NA;NA;NA;NA;NA;NA;NA;NA;NA;NA;NA;NA;NA;NA;NA;NA;NA;NA;NA;NA;NA;NA;NA;NA;NA;NA;NA;NA;NA;NA;NA;NA;NA;NA;NA;NA;NA;NA;;;;NA;;NA;NA;NA;NA;;NA;NA;NA;NA;;NA
04/06/2020 13:41;16;ARE;EN;NA;NA;NA;NA;NA;NA;NA;NA;NA;NA;NA;NA;NA;NA;NA;NA;NA;NA;;NA;NA;NA;NA;NA;NA;NA;NA;NA;NA;NA;NA;NA;NA;NA;NA;NA;NA;NA;NA;NA;NA;NA;NA;NA;NA;NA;NA;NA;NA;NA;NA;NA;NA;NA;NA;NA;NA;NA;NA;NA;NA;NA;NA;NA;NA;NA;NA;NA;NA;NA;NA;NA;NA;NA;NA;;;;NA;;NA;NA;NA;NA;;NA;NA;NA;NA;;NA
05/06/2020 01:04;1216;ARE;EN;10;1;2;10;10;NA;NA;NA;NA;NA;10;10;3;7;5;NA;NA;NA;;NA;NA;9;3;10;NA;NA;4;7;0;0;NA;NA;NA;NA;NA;NA;10;10;7;6;6;2;0;9;10;NA;NA;NA;NA;2;8;4;3;10;10;10;3;6;8;0;10;10;8;10;10;7;6;6;9;9;50;70;0;14;10;;;;NA;;NA;NA;NA;NA;;NA;NA;NA;NA;;2
06/06/2020 04:53;792;ARE;EN;10;0;10;10;10;NA;NA;NA;NA;NA;NA;NA;NA;NA;NA;70;20;10;;NA;NA;7;3;8;5;5;10;10;10;10;7;10;10;8;3;5;8;9;7;9;10;2;0;8;10;9;9;9;9;8;10;8;4;10;NA;NA;NA;NA;NA;NA;10;10;10;10;10;10;0;10;8;10;10;70;9;NA;7;;;;NA;;NA;NA;NA;NA;;NA;NA;NA;NA;;10
06/06/2020 08:00;355909;ARE;EN;4;3;2;2;0;6;8;3;1;2;10;9;8;7;7;70;20;10;;4;10;10;10;6;9;9;6;6;6;6;0;10;10;10;0;10;7;6;4;6;4;3;1;7;8;10;10;8;8;7;10;3;4;9;7;4;0;2;8;6;9;7;0;0;10;0;0;10;10;10;60;60;8;14;7;;;;NA;;NA;NA;NA;NA;;NA;NA;NA;NA;;0
06/06/2020 23:15;950;ARE;EN;8;1;9;8;10;7;8;7;3;6;6;7;7;7;7;90;5;5;;5;7;3;2;1;5;5;3;3;3;3;2;10;10;10;0;1;7;7;7;8;3;6;9;7;7;8;8;8;9;4;5;6;5;8;7;2;0;6;6;2;9;9;7;1;3;4;2;2;2;7;20;20;5;11;6;50;3 minutes;7 hours;1;;43;3;2;6;self employed;3;1;1;1;213;0
07/06/2020 03:48;1375;ARE;EN;8;3;3;9;10;8;9;8;3;8;9;10;10;9;10;25;30;45;;9;8;6;6;6;8;7;7;2;8;9;4;8;9;10;2;4;7;7;7;7;7;7;8;10;8;8;9;9;10;7;8;3;1;8;7;7;3;7;7;3;6;7;7;6;6;7;7;7;6;6;70;70;7;12;8;;;;NA;;NA;NA;NA;NA;;NA;NA;NA;NA;;8
07/06/2020 05:05;1678;ARE;EN;7;0;7;7;10;10;10;10;8;8;3;7;7;7;8;30;50;20;;7;5;5;5;5;5;5;10;5;7;0;1;10;10;10;0;0;5;7;8;8;8;5;5;10;8;7;5;7;6;7;8;5;0;8;6;8;5;8;8;2;10;10;5;0;5;5;0;6;0;7;30;50;5;16;8;;;;NA;;NA;NA;NA;NA;;NA;NA;NA;NA;;5
07/06/2020 21:51;62;ARE;EN;NA;NA;NA;NA;NA;NA;NA;NA;NA;NA;NA;NA;NA;NA;NA;NA;NA;NA;;NA;NA;NA;NA;NA;NA;NA;NA;NA;NA;NA;NA;NA;NA;NA;NA;NA;NA;NA;NA;NA;NA;NA;NA;NA;NA;NA;NA;NA;NA;NA;NA;NA;NA;NA;NA;NA;NA;NA;NA;NA;NA;NA;NA;NA;NA;NA;NA;NA;NA;NA;NA;NA;NA;NA;NA;;;;NA;;NA;NA;NA;NA;;NA;NA;NA;NA;;NA
11/06/2020 03:24;21;ARE;EN;NA;NA;NA;NA;NA;NA;NA;NA;NA;NA;NA;NA;NA;NA;NA;NA;NA;NA;;NA;NA;NA;NA;NA;NA;NA;NA;NA;NA;NA;NA;NA;NA;NA;NA;NA;NA;NA;NA;NA;NA;NA;NA;8;8;NA;NA;NA;NA;NA;NA;NA;NA;NA;NA;NA;NA;NA;NA;NA;NA;NA;NA;NA;NA;NA;NA;NA;NA;NA;NA;NA;NA;NA;8;;;;NA;;NA;NA;NA;NA;;NA;NA;NA;NA;;NA
13/06/2020 01:32;1280;ARE;EN;10;0;10;10;10;3;7;10;5;5;2;9;2;9;9;97.5;0;2.5;;9;9;3;5;6;6;6;5;5;5;5;7;10;10;10;8;2;5;6;8;7;5;10;10;8;8;7;7;7;4;10;10;4;7;8;4;7;0;6;2;1;10;10;3;0;7;7;0;1;1;10;70;80;5;9;8;25;3 minutes;7;1;;33;3;1;6;Self-employed;4;1;1;2;213;0
13/06/2020 01:34;664;ARE;EN;7;7;7;8;9;7;7;9;7;8;6;9;1;4;8;70;20;10;;9;8;5;5;5;6;8;3;7;4;4;7;10;8;8;0;3;8;6;10;10;4;4;3;8;8;8;8;8;10;9;10;3;4;9;7;9;3;7;6;4;10;9;6;0;7;7;2;8;7;10;70;80;2;11;8;50;3;4;2;;26;1;0;4;;5;1;1;1;213;0
13/06/2020 01:41;1659;ARE;EN;9;1;3;9;9;9;9;10;5;9;9;9;8;7;7;95;4;1;;6;8;5;6;6;9;9;8;4;3;5;5;8;8;9;2;0;6;7;7;6;6;8;6;8;8;6;6;8;8;6;5;7;3;5;6;6;2;7;5;1;10;9;6;1;8;6;0;7;7;10;60;90;7;9;6;50;3;7;1;;40;3;0;4;;5;1;1;2;213;0
13/06/2020 02:25;1946;ARE;EN;8;6;6;8;8;7;8;9;3;7;5;7;7;10;6;70;15;15;;7;8;5;5;5;4;4;6;2;2;2;3;7;8;7;2;2;7;7;8;6;5;5;7;7;8;7;7;7;8;3;3;7;6;6;6;5;6;5;6;2;7;7;6;2;7;8;1;7;8;7;20;20;6;11;8;50;300;4;2;;28;1;0;4;;3;2;1;2;213;0
13/06/2020 03:52;1404;ARE;EN;10;3;8;10;10;9;7;9;6;9;4;9;6;9;9;95;2.5;2.5;;7;8;5;5;3;7;7;5;3;5;3;2;9;9;9;2;2;7;7;6;7;6;8;8;7;7;8;8;8;8;8;8;7;4;8;4;6;5;6;6;3;8;7;6;3;5;4;3;4;4;8;50;60;7;16;7;50;3 minutes;7;2;;47;2;1;1;;3;1;1;1;213;5
13/06/2020 08:42;222;ARE;EN;NA;NA;NA;NA;NA;NA;NA;NA;NA;NA;NA;NA;NA;NA;NA;NA;NA;NA;;NA;NA;2;5;5;NA;NA;NA;NA;NA;NA;NA;NA;NA;NA;NA;NA;NA;NA;NA;NA;NA;NA;NA;NA;NA;9;9;9;10;NA;NA;NA;NA;NA;NA;NA;NA;NA;NA;NA;NA;NA;NA;NA;NA;NA;NA;NA;NA;NA;50;50;NA;NA;NA;;;;NA;;NA;NA;NA;NA;;NA;NA;NA;NA;;NA
13/06/2020 17:06;2966;ARE;EN;6;7;9;7;9;6;7;7;6;8;8;8;2;8;8;70;15;15;;8;7;4;4;4;9;7;6;4;4;6;0;10;10;10;0;0;6;6;6;6;6;6;6;9;9;8;8;8;8;6;8;8;0;7;8;6;1;7;6;0;9;9;1;0;8;6;0;0;0;0;80;80;6;11;9;50;900;4;2;;36;1;0;1;;3;1;1;2;213;0
14/06/2020 00:49;82183;ARE;EN;10;9;10;9;10;7;6;8;7;9;2;0;2;2;0;85;10;5;;7;7;8;1;1;2;10;3;3;3;3;1;10;10;10;0;10;8;8;7;7;7;7;8;7;7;9;9;9;10;8;8;7;1;7;2;7;2;9;9;0;10;9;9;0;9;9;0;10;10;10;50;50;3;10;8;25;3 mins;7 hours;2;;48;3;2;3;;5;1;1;1;213;8
14/06/2020 01:00;2852;ARE;EN;10;0;10;10;10;10;10;10;8;9;10;10;9;10;10;0;60;40;;7;8;0;5;5;5;5;2;1;0;0;3;10;9;10;0;0;9;5;9;8;5;3;9;9;9;9;9;9;9;8;9;7;0;10;5;0;0;3;7;2;9;9;0;0;0;5;0;4;0;1;10;10;5;15;9;50;300;;1;;48;3;2;1;;3;1;1;2;213;0
15/06/2020 08:14;685;ARE;EN;9;8;8;8;10;10;10;8;8;10;9;10;9;9;10;80;20;0;;9;9;5;5;3;9;9;6;0;0;5;2;9;10;10;0;0;2;6;6;6;4;2;3;10;10;10;9;9;9;8;9;6;1;9;1;7;4;4;3;0;10;10;8;0;8;9;0;9;8;8;40;70;8;11;9;50;300;4;2;;24;1;0;2;;2;1;1;1;213;0
15/06/2020 08:21;198622;ARE;EN;9;9;10;8;9;10;10;10;10;10;9;9;8;8;2;95;5;0;;8;7;7;7;7;9;9;0;0;0;0;1;9;9;9;3;1;10;9;9;9;9;9;10;9;9;8;8;9;8;6;8;2;1;7;4;8;1;7;6;3;9;9;6;1;8;6;2;2;8;6;70;80;1;1;10;50;900;16;2;;46;1;0;1;;1;3;1;1;213;0
15/06/2020 08:46;30;ARE;EN;NA;NA;NA;NA;NA;NA;NA;NA;NA;NA;NA;NA;NA;NA;NA;NA;NA;NA;;NA;NA;NA;NA;NA;NA;NA;NA;NA;NA;NA;NA;NA;NA;NA;NA;NA;NA;NA;NA;NA;NA;NA;NA;NA;NA;NA;NA;NA;NA;NA;NA;NA;NA;8;NA;NA;NA;NA;NA;NA;NA;NA;NA;NA;NA;NA;NA;NA;NA;NA;NA;NA;NA;9;NA;;;;NA;;NA;NA;NA;NA;;NA;NA;NA;NA;;NA
15/06/2020 09:39;705;ARE;EN;10;0;10;10;10;10;10;10;10;10;10;10;7;10;10;5;0;95;;5;4;0;2;0;1;2;0;0;0;0;1;10;9;10;0;0;3;7;9;6;5;6;8;8;7;9;10;5;5;7;8;4;1;7;4;3;0;2;3;0;10;10;5;0;7;6;1;7;6;10;80;80;2;10;9;25;3;7;2;;24;1;0;4;;8;2;1;2;213;0
15/06/2020 13:59;1599;ARE;EN;10;0;10;10;10;10;10;10;10;10;5;5;3;5;7;80;10;10;;8;7;6;6;6;7;7;8;8;8;8;0;7;0;0;0;0;10;10;9;8;8;8;8;6;10;7;7;7;7;5;7;6;6;4;2;5;3;9;5;2;7;7;5;2;6;5;2;6;6;8;80;70;7;16;8;49;5;7;2;;30;2;0;2;;6;1;1;1;213;0
15/06/2020 21:50;1028;ARE;EN;9;1;10;10;10;7;7;8;3;8;7;7;3;7;7;50;30;20;;3;6;2;1;1;8;7;8;1;1;2;2;9;9;9;0;1;8;9;5;9;6;4;4;10;8;7;7;7;10;5;9;8;6;8;4;6;2;7;7;1;9;9;2;0;8;2;1;6;7;10;90;90;3;10;7;50;300 min;4;2;;34;1;0;1;;4;1;1;2;213;0
16/06/2020 10:33;1011;ARE;EN;9;10;8;10;10;9;10;10;10;5;7;9;6;7;9;30;40;30;;7;10;10;5;5;10;9;7;5;0;7;0;10;10;10;0;0;10;10;10;10;5;7;10;10;10;10;10;10;10;9;10;7;5;8;5;10;5;10;7;0;10;10;5;0;10;9;0;5;9;10;0;50;5;16;7;25;3;4;2;;22;2;0;4;;3;1;1;1;213;0
17/06/2020 05:42;8234;ARE;EN;10;3;10;10;1;8;8;10;9;7;6;6;6;7;7;98;1;1;;4;7;4;3;6;9;9;6;6;8;4;3;9;9;7;3;4;8;7;7;5;4;3;2;4;4;4;4;8;9;3;7;4;8;8;8;8;7;8;8;6;9;7;4;3;4;6;2;2;3;5;60;80;8;7;10;49;900;12;2;;23;1;0;4;;2;1;1;2;213;0
17/06/2020 07:21;7;ARE;EN;NA;NA;NA;NA;NA;NA;NA;NA;NA;NA;NA;NA;NA;NA;NA;NA;NA;NA;;NA;NA;NA;NA;NA;NA;NA;NA;NA;NA;NA;NA;NA;NA;NA;NA;NA;NA;NA;NA;NA;NA;NA;NA;NA;NA;NA;NA;NA;NA;NA;NA;NA;NA;NA;NA;NA;NA;NA;NA;NA;NA;NA;NA;NA;NA;NA;NA;NA;NA;NA;NA;NA;NA;NA;NA;;;;NA;;NA;NA;NA;NA;;NA;NA;NA;NA;;NA
17/06/2020 08:40;479;ARE;EN;9;3;3;8;10;8;8;10;3;9;8;8;6;8;8;85;5;10;;9;6;2;3;3;9;9;0;0;0;0;4;7;6;6;3;1;7;4;5;7;3;7;9;7;8;6;8;8;10;7;7;4;9;8;3;3;5;5;3;0;9;9;3;0;6;6;1;3;4;8;70;80;5;5;8;25;3;7;1;;24;2;0;4;;4;2;1;1;213;0
17/06/2020 11:36;701;ARE;EN;8;5;3;9;10;NA;NA;NA;NA;NA;NA;NA;NA;NA;NA;70;20;10;;6;8;NA;NA;NA;2;8;10;1;1;1;NA;NA;NA;NA;NA;NA;NA;NA;NA;NA;NA;NA;NA;7;7;7;7;5;7;NA;NA;NA;NA;NA;5;5;3;8;8;5;8;8;3;1;5;6;2;4;2;7;NA;NA;NA;16;8;;;;NA;;NA;NA;NA;NA;;NA;NA;NA;NA;;NA
19/06/2020 03:43;884;ARE;EN;9;1;9;9;9;10;10;10;10;5;10;8;8;8;8;80;20;0;;6;7;5;5;5;8;8;8;5;2;5;8;8;8;8;5;8;10;10;10;10;10;7;0;8;8;8;8;8;8;8;8;9;10;9;5;8;7;8;7;7;9;9;5;2;5;0;2;1;1;1;10;50;5;4;7;25;3;7;1;;35;3;2;1;;3;1;1;1;213;3
19/06/2020 04:14;753;ARE;EN;1;8;3;4;10;4;7;8;1;4;1;3;0;8;3;95;5;0;;8;7;6;9;4;6;7;3;0;0;0;4;8;9;8;1;4;10;3;8;10;4;8;10;10;10;7;9;9;10;7;9;3;6;9;6;4;7;8;8;6;6;6;3;2;6;2;8;7;6;3;90;90;8;3;8;50;3 minutes;7 hours;2;;22;2;0;4;;2;1;1;1;213;0
19/06/2020 04:28;2773;ARE;EN;10;0;10;10;10;10;10;10;10;10;10;10;9;10;9;25;40;35;;10;10;10;10;10;9;9;7;1;0;6;0;10;10;9;0;0;10;10;10;10;10;9;9;10;10;9;10;8;10;10;10;5;0;10;1;10;0;10;8;0;10;10;10;0;10;10;0;8;8;10;10;20;9;16;10;50 cents;1 Minute;4 hours;1;;35;3;0;4;;1;1;1;1;213;0
19/06/2020 05:07;948;ARE;EN;8;3;8;8;10;9;9;9;9;9;7;6;8;7;7;70;20;10;;3;5;6;10;7;0;8;6;5;5;5;7;10;10;10;3;0;5;5;5;6;4;6;5;6;4;6;4;4;7;5;8;3;4;8;6;7;6;6;5;8;6;5;4;4;4;4;4;3;3;4;60;40;5;11;9;50;300;4;1;;30;1;0;4;;3;1;1;2;213;5
19/06/2020 05:29;2535;ARE;EN;9;1;7;7;10;9;9;9;9;9;9;9;7;9;9;50;30;20;;6;7;4;4;4;7;7;5;5;5;5;0;10;10;10;0;0;5;5;5;5;5;5;5;8;8;8;8;8;8;6;6;5;5;4;3;3;2;1;1;0;8;6;4;1;6;5;3;5;5;6;30;20;3;10;8;25;3 minutes;7 hours;2;;20;1;0;4;;4;1;1;1;213;0
19/06/2020 06:39;11274;ARE;EN;7;8;8;9;3;9;9;10;10;9;7;8;8;8;8;20;50;30;;8;7;7;7;8;1;1;7;6;7;7;8;10;10;9;4;3;7;6;6;6;7;7;7;8;8;8;8;8;8;4;6;2;1;6;3;4;4;6;6;0;6;8;5;6;7;7;8;8;7;9;50;50;5;16;9;;;;2;;23;1;0;4;;1;1;1;1;213;6
19/06/2020 22:03;2213;ARE;EN;9;7;10;9;10;4;6;10;8;10;9;9;9;9;10;65;30;5;;6;7;5;5;5;9;9;5;9;5;5;3;10;10;10;0;0;5;5;9;8;7;8;10;7;7;10;10;10;10;5;9;7;2;3;2;9;2;9;5;5;10;10;6;0;5;5;2;2;5;10;50;30;5;10;5;50;300;4;1;;38;2;1;1;;4;1;1;1;213;0
20/06/2020 01:15;287;ARE;EN;NA;NA;NA;NA;NA;NA;NA;NA;NA;NA;NA;NA;NA;NA;NA;NA;NA;NA;;8;6;NA;NA;NA;NA;NA;6;6;6;6;4;8;6;7;3;3;NA;NA;NA;NA;NA;NA;NA;7;7;NA;NA;NA;NA;NA;NA;NA;NA;NA;7;6;6;7;7;4;9;8;6;7;6;6;4;7;7;7;40;50;NA;4;NA;;;;NA;;NA;NA;NA;NA;;NA;NA;NA;NA;;NA
20/06/2020 01:33;37;ARE;EN;NA;NA;NA;NA;NA;NA;NA;NA;NA;NA;NA;NA;NA;NA;NA;NA;NA;NA;;NA;NA;NA;NA;NA;NA;NA;NA;NA;NA;NA;NA;NA;NA;NA;NA;NA;NA;NA;NA;NA;NA;NA;NA;NA;NA;NA;NA;NA;NA;NA;NA;NA;NA;NA;NA;NA;NA;NA;NA;NA;NA;NA;NA;NA;NA;NA;NA;NA;NA;NA;NA;NA;NA;NA;NA;;;;NA;;NA;NA;NA;NA;;NA;NA;NA;NA;;NA
20/06/2020 01:38;5;ARE;EN;NA;NA;NA;NA;NA;NA;NA;NA;NA;NA;NA;NA;NA;NA;NA;NA;NA;NA;;NA;NA;NA;NA;NA;NA;NA;NA;NA;NA;NA;NA;NA;NA;NA;NA;NA;NA;NA;NA;NA;NA;NA;NA;NA;NA;NA;NA;NA;NA;NA;NA;NA;NA;NA;NA;NA;NA;NA;NA;NA;NA;NA;NA;NA;NA;NA;NA;NA;NA;NA;NA;NA;NA;NA;NA;;;;NA;;NA;NA;NA;NA;;NA;NA;NA;NA;;NA
20/06/2020 02:00;821;ARE;EN;NA;NA;NA;NA;NA;NA;NA;NA;NA;NA;NA;NA;NA;NA;NA;NA;NA;NA;;NA;NA;NA;NA;NA;NA;NA;NA;NA;NA;NA;NA;NA;NA;NA;NA;NA;NA;NA;NA;NA;NA;NA;NA;NA;NA;NA;NA;NA;NA;NA;NA;NA;NA;NA;NA;NA;NA;NA;NA;NA;NA;NA;NA;NA;NA;NA;NA;NA;NA;NA;NA;NA;7;NA;NA;;;;NA;;NA;NA;NA;NA;;NA;NA;NA;NA;;NA
20/06/2020 03:21;6;ARE;EN;NA;NA;NA;NA;NA;NA;NA;NA;NA;NA;NA;NA;NA;NA;NA;NA;NA;NA;;NA;NA;NA;NA;NA;NA;NA;NA;NA;NA;NA;NA;NA;NA;NA;NA;NA;NA;NA;NA;NA;NA;NA;NA;NA;NA;NA;NA;NA;NA;NA;NA;NA;NA;NA;NA;NA;NA;NA;NA;NA;NA;NA;NA;NA;NA;NA;NA;NA;NA;NA;NA;NA;NA;NA;NA;;;;NA;;NA;NA;NA;NA;;NA;NA;NA;NA;;NA
20/06/2020 04:28;59904;ARE;EN;10;0;1;8;9;7;7;6;7;7;10;10;10;9;9;85;10;5;;6;5;8;8;8;1;9;2;2;2;2;4;9;9;9;2;2;5;7;7;7;5;5;5;9;9;2;5;2;4;9;10;9;9;7;7;8;0;1;1;5;9;9;7;0;8;2;1;1;5;9;0;90;5;16;7;50;1 minute;4;2;;24;1;0;4;;6;1;1;1;213;5
20/06/2020 06:12;1418;ARE;EN;9;2;10;10;10;7;8;10;8;7;3;7;4;5;8;95;3;2;;8;8;5;5;5;8;8;2;2;2;2;2;10;10;10;0;0;7;7;8;7;5;3;7;8;8;7;7;7;9;5;7;4;2;8;2;5;1;7;5;5;10;10;3;0;5;5;1;7;7;8;50;60;5;16;7;50;300;4;1;;49;3;5;1;;3;1;1;1;213;0
21/06/2020 02:20;180;ARE;EN;NA;NA;NA;NA;NA;NA;NA;NA;NA;NA;NA;NA;NA;NA;NA;NA;NA;NA;;NA;NA;0;0;0;NA;NA;NA;NA;NA;NA;NA;NA;NA;NA;NA;NA;NA;NA;NA;NA;NA;NA;NA;NA;NA;NA;NA;NA;NA;NA;NA;NA;NA;NA;NA;NA;NA;NA;NA;NA;NA;NA;NA;NA;NA;NA;NA;NA;NA;NA;NA;NA;NA;11;NA;;;;NA;;NA;NA;NA;NA;;NA;NA;NA;NA;;NA
21/06/2020 07:57;14;ARE;EN;NA;NA;NA;NA;NA;NA;NA;NA;NA;NA;NA;NA;NA;NA;NA;NA;NA;NA;;NA;NA;NA;NA;NA;NA;NA;NA;NA;NA;NA;NA;NA;NA;NA;NA;NA;NA;NA;NA;NA;NA;NA;NA;NA;NA;NA;NA;NA;NA;NA;NA;NA;NA;7;NA;NA;NA;NA;NA;NA;NA;NA;NA;NA;NA;NA;NA;NA;NA;NA;70;70;NA;NA;NA;;;;NA;;NA;NA;NA;NA;;NA;NA;NA;NA;;NA
22/06/2020 07:18;2588;ARE;EN;8;4;3;7;7;8;9;8;10;7;4;7;6;7;6;50;40;10;;7;6;6;6;6;5;2;3;3;3;3;4;1;8;7;3;4;7;8;8;7;4;3;3;9;9;7;7;6;8;4;8;6;5;8;4;6;3;4;4;2;7;7;4;2;4;4;3;5;6;5;50;10;6;16;7;25 cents;1 minuted;;1;;35;1;0;1;;8;1;1;1;213;0
22/06/2020 08:01;510;ARE;EN;10;2;8;9;10;9;10;10;7;10;10;10;9;10;10;10;80;10;;7;6;5;7;5;10;10;1;0;0;0;3;10;10;10;0;0;7;9;9;10;8;7;7;6;8;8;8;7;9;3;5;10;9;3;5;5;0;6;2;1;10;10;5;0;5;5;0;6;6;9;30;30;8;11;3;;;;NA;;NA;NA;NA;NA;;NA;NA;NA;NA;;0
22/06/2020 10:12;82;ARE;EN;NA;NA;NA;NA;NA;NA;NA;NA;NA;NA;NA;NA;NA;NA;NA;NA;NA;NA;;NA;NA;NA;NA;NA;NA;NA;7;5;6;4;NA;NA;NA;NA;NA;NA;NA;NA;NA;NA;NA;NA;NA;NA;NA;NA;NA;NA;NA;NA;NA;NA;NA;9;NA;NA;NA;NA;NA;NA;NA;NA;NA;NA;NA;NA;NA;NA;NA;NA;NA;NA;3;NA;NA;;;;NA;;NA;NA;NA;NA;;NA;NA;NA;NA;;NA
23/06/2020 04:33;5074;ARE;EN;1;6;1;3;10;6;4;8;5;1;0;0;0;0;0;85;10;5;;6;7;1;5;5;9;10;0;0;0;0;8;10;10;9;2;1;8;8;10;10;5;8;5;8;9;8;10;10;9;7;5;5;1;9;9;10;8;10;5;9;10;10;8;0;10;10;0;9;5;10;90;90;5;4;8;50;300;4;1;;39;1;3;1;;1;1;2;2;213;0
23/06/2020 07:28;437;ARE;EN;NA;NA;NA;NA;NA;6;6;9;0;0;10;10;5;10;10;NA;NA;NA;;NA;NA;NA;NA;NA;NA;NA;2;0;0;0;0;10;9;10;1;0;NA;NA;NA;NA;NA;NA;NA;8;8;10;9;10;10;5;8;8;10;7;NA;NA;NA;NA;NA;NA;7;7;5;0;6;5;0;0;5;5;10;30;6;NA;2;;;;NA;;NA;NA;NA;NA;;NA;NA;NA;NA;;0
23/06/2020 14:22;1044;ARE;EN;8;6;10;8;10;10;7;10;10;10;9;9;10;10;10;40;40;20;;5;6;5;6;7;10;7;9;5;5;8;0;10;7;8;2;0;7;4;8;8;8;8;8;10;10;8;7;8;10;7;8;5;10;5;4;4;5;7;5;1;8;7;8;0;7;8;0;4;4;10;30;70;5;11;7;50cents;3 minutes;;2;;22;1;0;4;;5;1;1;2;213;0
24/06/2020 04:14;310;ARE;EN;NA;NA;NA;NA;NA;9;9;9;5;5;NA;NA;NA;NA;NA;NA;NA;NA;;8;10;NA;NA;NA;NA;NA;1;0;0;0;NA;NA;NA;NA;NA;NA;5;5;8;8;5;5;10;10;10;NA;NA;NA;NA;NA;NA;NA;NA;NA;5;5;2;6;6;0;NA;NA;NA;NA;NA;NA;NA;NA;NA;NA;NA;NA;NA;NA;9;;;;NA;;NA;NA;NA;NA;;NA;NA;NA;NA;;0
24/06/2020 12:39;1317;ARE;EN;10;0;10;10;10;9;9;10;10;6;4;9;9;10;10;80;10;10;;4;4;3;2;2;10;10;7;6;6;6;2;9;10;10;0;2;10;10;10;6;7;9;3;8;8;7;7;7;9;10;10;7;1;9;9;9;7;8;9;0;10;10;8;0;9;6;1;7;8;9;50;70;5;8;4;50;300;16;2;;42;2;0;1;;6;1;1;1;213;0
24/06/2020 13:19;31;ARE;EN;NA;NA;NA;NA;NA;NA;NA;NA;NA;NA;NA;NA;NA;NA;NA;NA;NA;NA;;NA;NA;NA;NA;NA;NA;NA;NA;NA;NA;NA;NA;NA;NA;NA;NA;NA;NA;NA;NA;NA;NA;NA;NA;NA;NA;NA;NA;NA;NA;NA;NA;NA;NA;NA;NA;NA;NA;NA;NA;NA;NA;NA;NA;NA;NA;NA;NA;NA;NA;NA;NA;NA;NA;NA;NA;;;;NA;;NA;NA;NA;NA;;NA;NA;NA;NA;;0
24/06/2020 15:52;2586;ARE;EN;9;0;10;8;10;2;10;10;10;5;2;9;9;10;8;80;10;10;;1;3;2;2;1;6;7;10;0;0;0;1;10;10;10;2;2;7;4;8;9;5;9;10;3;3;5;5;7;4;8;8;5;3;3;8;6;3;8;4;1;8;9;4;0;2;3;1;5;2;8;50;50;5;12;4;25;3 minutes;7;1;;39;2;0;1;;5;1;1;2;213;0
24/06/2020 21:21;1292;ARE;EN;9;1;9;9;9;8;8;10;6;9;3;4;3;4;4;80;10;10;;6;5;5;5;5;6;6;5;5;5;5;4;10;10;10;0;0;9;8;8;8;7;8;6;6;6;6;5;6;7;7;7;8;6;7;6;5;0;5;5;0;9;10;6;0;8;8;0;7;7;10;70;80;5;3;3;25;300;7;1;;31;1;0;4;;4;1;1;1;213;0
25/06/2020 03:16;37;ARE;EN;NA;NA;NA;NA;NA;NA;NA;NA;NA;NA;NA;NA;NA;NA;NA;NA;NA;NA;;NA;NA;NA;NA;NA;NA;NA;NA;NA;NA;NA;NA;NA;NA;NA;NA;NA;NA;NA;NA;NA;NA;NA;NA;NA;NA;NA;NA;NA;NA;NA;NA;NA;NA;NA;NA;NA;NA;NA;NA;NA;NA;NA;NA;NA;NA;NA;NA;NA;NA;NA;NA;NA;NA;NA;NA;;;;NA;;NA;NA;NA;NA;;NA;NA;NA;NA;;NA
26/06/2020 02:31;694;ARE;EN;7;2;2;8;10;8;8;8;8;8;1;8;8;8;8;50;25;25;;8;8;0;0;0;8;7;4;1;0;0;1;10;10;10;0;0;8;8;8;8;8;2;2;8;8;7;4;7;10;8;6;6;3;8;2;2;2;2;1;3;3;7;7;4;8;8;8;7;7;7;70;60;7;16;7;50;3 minutes;4;1;;41;3;2;1;;3;1;1;2;213;0
26/06/2020 02:44;1673;ARE;EN;8;1;10;10;10;8;8;9;9;9;3;3;3;3;4;90;9;1;;3;6;1;1;5;2;2;7;7;8;8;3;10;3;7;3;2;8;8;9;8;7;7;7;2;2;3;3;3;3;8;7;5;6;2;6;6;7;7;5;4;8;8;2;1;9;8;2;5;2;9;80;70;2;9;4;25;3 minutes;2 hours;1;;39;2;0;1;;5;1;1;2;213;3
26/06/2020 04:27;61;ARE;EN;NA;NA;NA;NA;NA;NA;NA;NA;NA;NA;NA;NA;NA;NA;NA;NA;NA;NA;;NA;NA;NA;NA;NA;NA;NA;8;6;4;5;NA;NA;NA;NA;NA;NA;NA;NA;NA;NA;NA;NA;NA;NA;NA;NA;NA;NA;NA;NA;NA;NA;NA;NA;NA;NA;NA;NA;NA;NA;NA;NA;NA;NA;NA;NA;NA;NA;NA;NA;NA;NA;NA;NA;NA;;;;NA;;NA;NA;NA;NA;;NA;NA;NA;NA;;NA
26/06/2020 04:51;5;ARE;EN;NA;NA;NA;NA;NA;NA;NA;NA;NA;NA;NA;NA;NA;NA;NA;NA;NA;NA;;NA;NA;NA;NA;NA;NA;NA;NA;NA;NA;NA;NA;NA;NA;NA;NA;NA;NA;NA;NA;NA;NA;NA;NA;NA;NA;NA;NA;NA;NA;NA;NA;NA;NA;NA;NA;NA;NA;NA;NA;NA;NA;NA;NA;NA;NA;NA;NA;NA;NA;NA;NA;NA;NA;NA;NA;;;;NA;;NA;NA;NA;NA;;NA;NA;NA;NA;;NA
28/06/2020 03:51;1208;ARE;EN;10;8;10;10;10;10;10;10;8;9;10;10;10;10;10;75;20;5;;7;8;5;6;3;7;5;10;10;9;8;9;9;8;8;8;5;10;8;10;8;8;3;0;10;10;7;7;5;9;9;10;1;1;5;10;10;5;5;5;5;10;10;9;0;8;8;0;5;5;9;50;50;5;1;10;50;300;16;2;;39;3;3;3;;4;1;1;1;213;7
28/06/2020 07:47;1404;ARE;EN;10;0;10;10;10;9;9;9;9;6;8;7;9;10;9;85;5;10;;1;2;1;1;1;7;3;2;2;2;2;6;10;9;9;9;1;8;7;8;7;9;9;10;9;9;8;8;8;10;10;10;1;0;7;8;7;4;8;3;0;10;10;8;0;8;7;0;8;0;9;70;70;8;9;7;25;3;7;1;;46;3;3;1;;2;1;1;2;213;0
28/06/2020 07:50;990;ARE;EN;6;2;10;8;10;10;9;9;5;5;10;10;10;10;10;90;10;0;;3;6;8;5;5;3;9;0;0;0;0;9;10;9;9;5;3;7;8;8;8;8;9;4;8;8;9;7;9;10;1;6;7;2;8;2;9;1;9;4;1;9;9;9;0;7;8;0;8;8;8;0;50;7;7;6;50;300;7;2;;40;3;4;1;;5;1;1;2;213;5
30/06/2020 00:00;1510;ARE;EN;4;8;3;10;10;10;6;10;10;10;10;10;7;10;10;95;5;0;;10;10;10;10;10;7;7;2;0;1;1;7;8;10;8;7;10;10;10;8;7;7;3;0;10;10;6;6;9;10;3;10;8;1;10;9;10;3;10;9;1;10;10;10;0;9;4;0;8;10;6;60;60;0;7;10;50;1 minute;4 hours;1;;42;3;5;1;;5;1;1;1;213;0
30/06/2020 04:30;32;ARE;EN;NA;NA;NA;NA;NA;NA;NA;NA;NA;NA;NA;NA;NA;NA;NA;NA;NA;NA;;NA;NA;NA;NA;NA;NA;NA;NA;NA;NA;NA;NA;NA;NA;NA;NA;NA;NA;NA;NA;NA;NA;NA;NA;NA;NA;NA;NA;NA;NA;NA;NA;NA;NA;NA;NA;NA;NA;NA;NA;NA;NA;NA;NA;NA;NA;NA;NA;NA;NA;NA;NA;NA;NA;NA;NA;;;;NA;;NA;NA;NA;NA;;NA;NA;NA;NA;;NA
30/06/2020 10:32;13779;ARE;EN;10;3;7;7;3;6;6;6;2;0;8;3;4;10;10;80;10;10;;9;9;10;10;10;10;10;10;7;8;6;3;8;10;8;1;2;10;10;10;10;6;9;8;10;10;8;8;6;8;6;6;5;4;9;9;7;3;7;6;7;10;6;7;8;8;10;1;8;7;8;0;20;6;9;10;25;30;4;1;;33;3;0;4;;5;1;1;1;213;7
03/07/2020 02:49;34;ARE;EN;NA;NA;NA;NA;NA;NA;NA;NA;NA;NA;NA;NA;NA;NA;NA;NA;NA;NA;;NA;NA;NA;NA;NA;NA;NA;NA;NA;NA;NA;NA;NA;NA;NA;NA;NA;NA;NA;NA;NA;NA;NA;NA;NA;NA;NA;NA;NA;NA;NA;NA;NA;NA;9;NA;NA;NA;NA;NA;NA;NA;NA;NA;NA;NA;NA;NA;NA;NA;NA;NA;NA;NA;NA;7;;;;NA;;NA;NA;NA;NA;;NA;NA;NA;NA;;NA
03/07/2020 05:47;84;ARE;EN;NA;NA;NA;NA;NA;NA;NA;NA;NA;NA;NA;NA;NA;NA;NA;NA;NA;NA;;NA;NA;NA;NA;NA;NA;NA;NA;NA;NA;NA;4;9;9;7;1;3;NA;NA;NA;NA;NA;NA;NA;NA;NA;8;9;9;7;NA;NA;NA;NA;NA;NA;NA;NA;NA;NA;NA;NA;NA;NA;NA;NA;NA;NA;NA;NA;NA;NA;NA;NA;NA;NA;;;;NA;;NA;NA;NA;NA;;NA;NA;NA;NA;;NA
03/07/2020 05:50;270;ARE;EN;NA;NA;NA;NA;NA;NA;NA;NA;NA;NA;4;4;0;0;0;NA;NA;NA;;NA;NA;NA;NA;NA;NA;NA;10;8;8;8;NA;NA;NA;NA;NA;NA;NA;NA;NA;NA;NA;NA;NA;10;10;NA;NA;NA;NA;NA;NA;NA;NA;10;10;10;0;10;10;3;NA;NA;NA;NA;NA;NA;NA;NA;NA;NA;NA;NA;NA;8;10;;;;NA;;NA;NA;NA;NA;;NA;NA;NA;NA;;NA
03/07/2020 05:53;774;ARE;EN;10;0;10;10;10;NA;NA;NA;NA;NA;10;10;10;8;9;75;20;5;;8;9;2;5;4;NA;NA;10;9;9;9;10;8;8;9;8;5;NA;NA;NA;NA;NA;NA;NA;NA;NA;NA;NA;NA;NA;9;10;2;2;NA;NA;NA;NA;NA;NA;NA;10;10;9;0;10;7;0;6;7;9;30;30;5;NA;10;;;;NA;;NA;NA;NA;NA;;NA;NA;NA;NA;;NA
05/07/2020 03:31;47;ARE;EN;NA;NA;NA;NA;NA;NA;NA;NA;NA;NA;NA;NA;NA;NA;NA;NA;NA;NA;;NA;NA;NA;NA;NA;NA;NA;NA;NA;NA;NA;NA;NA;NA;NA;NA;NA;NA;NA;NA;NA;NA;NA;NA;NA;NA;NA;NA;NA;NA;NA;NA;NA;NA;NA;NA;NA;NA;NA;NA;NA;NA;NA;NA;NA;NA;NA;NA;NA;NA;NA;NA;NA;NA;NA;NA;;;;NA;;NA;NA;NA;NA;;NA;NA;NA;NA;;NA
05/07/2020 03:36;16;ARE;EN;NA;NA;NA;NA;NA;NA;NA;NA;NA;NA;NA;NA;NA;NA;NA;NA;NA;NA;;NA;NA;NA;NA;NA;NA;NA;NA;NA;NA;NA;NA;NA;NA;NA;NA;NA;NA;NA;NA;NA;NA;NA;NA;NA;NA;NA;NA;NA;NA;NA;NA;NA;NA;NA;NA;NA;NA;NA;NA;NA;NA;NA;NA;NA;NA;NA;NA;NA;NA;NA;NA;NA;NA;NA;NA;;;;NA;;NA;NA;NA;NA;;NA;NA;NA;NA;;NA
05/07/2020 06:50;33;ARE;EN;NA;NA;NA;NA;NA;NA;NA;NA;NA;NA;NA;NA;NA;NA;NA;NA;NA;NA;;NA;NA;NA;NA;NA;NA;NA;NA;NA;NA;NA;NA;NA;NA;NA;NA;NA;NA;NA;NA;NA;NA;NA;NA;NA;NA;NA;NA;NA;NA;NA;NA;NA;NA;NA;NA;NA;NA;NA;NA;NA;NA;NA;NA;NA;NA;NA;NA;NA;NA;NA;NA;NA;NA;NA;NA;;;;NA;;NA;NA;NA;NA;;NA;NA;NA;NA;;NA
05/07/2020 08:05;16028;ARE;EN;10;2;10;10;10;10;6;10;10;6;10;10;3;10;7;70;20;10;;10;10;9;10;8;1;1;6;4;6;10;1;10;10;10;10;1;8;10;10;10;8;10;3;10;10;10;10;1;10;10;10;10;10;10;8;1;8;6;8;2;10;10;8;1;10;10;1;7;10;10;70;30;4;9;10;1,5 cent;300;8 hours;1;;42;3;3;6;Self employed;NA;NA;NA;NA;;10
05/07/2020 18:09;1152;ARE;EN;3;3;5;6;10;2;2;10;9;0;8;8;3;9;9;65;15;20;;9;8;2;5;0;1;6;6;4;4;5;0;10;10;10;0;0;5;7;10;7;5;7;7;8;8;8;3;3;2;8;9;6;2;0;3;2;2;3;5;1;5;9;6;4;7;7;2;0;9;5;20;10;5;16;9;50;3;7;2;;19;2;0;4;;3;1;1;1;213;0
05/07/2020 23:24;1662;ARE;EN;10;5;5;10;10;8;10;10;8;9;2;9;5;6;8;70;30;0;;7;7;0;2;4;5;0;8;5;8;5;0;8;10;10;3;3;10;9;5;3;4;7;5;10;5;7;9;9;10;0;10;5;7;7;5;5;5;6;4;1;9;8;6;0;3;5;5;5;5;5;20;30;6;5;6;50;300 min;7;1;;20;1;0;4;;5;1;1;2;213;0
06/07/2020 03:01;35;ARE;EN;NA;NA;NA;NA;NA;NA;NA;NA;NA;NA;NA;NA;NA;NA;NA;NA;NA;NA;;NA;NA;NA;NA;NA;NA;NA;NA;NA;NA;NA;NA;NA;NA;NA;NA;NA;NA;NA;NA;NA;NA;NA;NA;NA;NA;NA;NA;NA;NA;NA;NA;NA;NA;NA;NA;NA;NA;NA;NA;NA;NA;NA;NA;NA;NA;NA;NA;NA;NA;NA;NA;NA;NA;NA;NA;;;;NA;;NA;NA;NA;NA;;NA;NA;NA;NA;;NA
06/07/2020 04:30;899;ARE;EN;8;4;6;4;7;4;4;6;4;10;7;7;6;7;10;50;25;25;;3;4;4;3;4;6;6;6;2;4;2;0;10;10;10;0;0;7;6;10;7;7;7;10;7;2;10;7;7;5;4;6;4;3;3;6;4;0;6;3;0;10;10;4;0;7;6;0;7;8;10;50;60;4;16;7;.50;300 minutes;4 hours;2;;19;1;0;4;;6;1;1;1;213;6
06/07/2020 05:07;940;ARE;EN;10;4;10;10;10;10;10;10;10;10;9;9;9;10;7;80;2;18;;6;7;0;0;0;7;6;8;4;6;10;7;4;4;6;3;1;7;6;1;5;5;4;6;10;10;9;8;7;10;6;10;10;4;10;10;10;9;3;9;10;9;8;10;1;9;0;3;7;5;9;10;10;5;15;5;;;;1;;19;1;0;4;;1;1;1;1;213;10
06/07/2020 08:14;2499;ARE;EN;10;1;10;10;9;2;9;10;0;10;1;8;7;8;10;75;25;0;;7;5;1;10;10;7;9;4;0;0;5;0;10;10;10;0;1;6;9;10;10;3;6;10;10;9;3;8;9;10;2;6;6;2;7;1;8;6;10;7;10;10;10;8;0;4;9;0;8;6;9;90;80;6;8;9;50;3;7;1;;20;1;0;4;;4;1;1;2;213;0
06/07/2020 08:30;939;ARE;EN;9;0;7;10;10;8;8;10;6;6;2;0;5;6;4;80;0;20;;10;7;7;4;3;10;10;7;0;10;2;2;10;8;8;1;1;7;4;8;8;3;7;1;10;10;10;10;10;6;6;9;7;7;10;6;9;2;8;8;1;10;9;3;0;7;2;0;0;2;10;10;40;10;4;10;50 cents;3 minutes;4;1;;20;2;0;4;;2;1;1;2;213;0
06/07/2020 09:00;2204;ARE;EN;3;8;9;7;9;8;9;6;7;10;7;5;1;7;7;35;40;25;;7;8;2;7;2;9;9;6;5;6;5;0;9;9;9;0;5;5;7;9;7;6;8;10;9;7;7;7;7;9;7;5;7;5;7;7;7;8;5;6;5;9;8;6;0;8;6;1;7;7;9;90;90;8;15;9;25;3 minutes;7;2;;20;2;0;4;;3;2;1;2;213;5
06/07/2020 09:57;5126;ARE;EN;9;6;7;6;9;10;10;6;4;5;8;10;4;8;8;80;10;10;;6;8;0;0;0;7;5;3;0;0;0;1;8;8;8;0;1;6;5;6;5;5;6;6;7;8;5;6;8;10;3;5;10;9;8;7;7;1;6;6;0;9;7;6;0;4;7;1;2;3;6;10;20;4;11;6;25 cents;3 minutes;7 hours;2;;21;1;0;4;;4;1;1;1;213;0
07/07/2020 04:53;793;ARE;EN;9;2;7;8;9;8;9;9;9;7;9;9;9;9;9;50;20;30;;6;5;0;0;0;8;4;8;8;2;2;2;9;9;6;2;2;9;8;8;7;6;9;10;8;8;7;6;6;7;6;6;8;5;7;7;8;6;6;5;4;9;9;5;2;6;6;2;4;4;8;60;70;4;3;6;0;300 minutes;4 h;2;;22;1;0;4;;4;1;1;2;213;0
10/07/2020 08:01;568;ARE;EN;6;5;6;4;10;6;6;6;6;6;5;5;5;5;5;70;15;15;;7;7;3;5;5;5;5;5;5;5;5;4;10;10;9;0;4;5;5;8;7;5;5;5;10;10;8;8;8;8;6;9;3;0;10;4;6;5;5;6;5;10;10;8;0;10;9;0;10;8;10;60;60;5;14;10;;;;2;;21;2;0;4;;4;1;1;2;213;0
12/07/2020 22:48;9;ARE;EN;NA;NA;NA;NA;NA;NA;NA;NA;NA;NA;NA;NA;NA;NA;NA;NA;NA;NA;;NA;NA;NA;NA;NA;NA;NA;NA;NA;NA;NA;NA;NA;NA;NA;NA;NA;NA;NA;NA;NA;NA;NA;NA;NA;NA;NA;NA;NA;NA;NA;NA;NA;NA;NA;NA;NA;NA;NA;NA;NA;NA;NA;NA;NA;NA;NA;NA;NA;NA;NA;NA;NA;NA;NA;NA;;;;NA;;NA;NA;NA;NA;;NA;NA;NA;NA;;NA
12/07/2020 23:44;5;ARE;EN;NA;NA;NA;NA;NA;NA;NA;NA;NA;NA;NA;NA;NA;NA;NA;NA;NA;NA;;NA;NA;NA;NA;NA;NA;NA;NA;NA;NA;NA;NA;NA;NA;NA;NA;NA;NA;NA;NA;NA;NA;NA;NA;NA;NA;NA;NA;NA;NA;NA;NA;NA;NA;NA;NA;NA;NA;NA;NA;NA;NA;NA;NA;NA;NA;NA;NA;NA;NA;NA;NA;NA;NA;NA;NA;;;;NA;;NA;NA;NA;NA;;NA;NA;NA;NA;;NA
13/07/2020 00:09;625;ARE;EN;10;0;8;7;9;10;10;10;5;10;4;4;0;2;3;20;40;40;;NA;NA;NA;NA;NA;7;8;7;0;0;4;0;10;10;10;0;0;NA;NA;NA;NA;NA;NA;NA;9;5;6;5;6;8;9;7;0;0;6;NA;NA;NA;NA;NA;NA;10;8;4;0;9;3;0;0;0;8;NA;NA;NA;NA;NA;;;;NA;;NA;NA;NA;NA;;NA;NA;NA;NA;;NA
13/07/2020 01:04;1480;ARE;EN;10;0;10;10;10;6;5;5;5;5;10;10;10;10;10;30;40;30;;7;1;5;5;5;6;0;0;0;0;0;10;10;10;10;0;0;9;9;9;9;9;1;1;10;10;2;2;0;0;8;8;7;3;2;8;10;4;9;5;5;10;8;9;1;8;8;2;8;8;8;10;20;5;16;3;50;300min;4;1;;29;1;0;4;;5;1;1;1;213;0
13/07/2020 04:18;211;ARE;EN;NA;NA;NA;NA;NA;NA;NA;NA;NA;NA;NA;NA;NA;NA;NA;60;30;10;;5;6;NA;NA;NA;NA;NA;NA;NA;NA;NA;NA;NA;NA;NA;NA;NA;6;5;8;5;5;7;7;NA;NA;NA;NA;NA;NA;NA;NA;NA;NA;4;NA;NA;NA;NA;NA;NA;NA;NA;NA;NA;NA;NA;NA;NA;NA;NA;NA;NA;NA;NA;NA;;;;NA;;NA;NA;NA;NA;;NA;NA;NA;NA;;8
13/07/2020 06:34;37;ARE;EN;NA;NA;NA;NA;NA;NA;NA;NA;NA;NA;NA;NA;NA;NA;NA;NA;NA;NA;;NA;NA;NA;NA;NA;NA;NA;NA;NA;NA;NA;NA;NA;NA;NA;NA;NA;NA;NA;NA;NA;NA;NA;NA;NA;NA;NA;NA;NA;NA;NA;NA;NA;NA;NA;NA;NA;NA;NA;NA;NA;NA;NA;NA;NA;NA;NA;NA;NA;NA;NA;70;90;NA;NA;NA;;;;NA;;NA;NA;NA;NA;;NA;NA;NA;NA;;NA
13/07/2020 06:39;228;ARE;EN;NA;NA;NA;NA;NA;5;6;4;2;6;NA;NA;NA;NA;NA;NA;NA;NA;;7;5;NA;NA;NA;NA;NA;NA;NA;NA;NA;3;7;7;4;3;2;NA;NA;NA;NA;NA;NA;NA;8;10;4;8;8;10;NA;NA;NA;NA;NA;NA;NA;NA;NA;NA;NA;NA;NA;NA;NA;NA;NA;NA;NA;NA;NA;NA;NA;4;NA;6;;;;NA;;NA;NA;NA;NA;;NA;NA;NA;NA;;3
15/07/2020 09:25;80;ARE;EN;NA;NA;NA;NA;NA;NA;NA;NA;NA;NA;1;1;1;2;2;NA;NA;NA;;NA;NA;NA;NA;NA;NA;NA;NA;NA;NA;NA;NA;NA;NA;NA;NA;NA;NA;NA;NA;NA;NA;NA;NA;NA;NA;NA;NA;NA;NA;NA;NA;NA;NA;NA;NA;NA;NA;NA;NA;NA;NA;NA;NA;NA;NA;NA;NA;NA;NA;NA;NA;NA;5;NA;6;;;;NA;;NA;NA;NA;NA;;NA;NA;NA;NA;;NA
16/07/2020 18:51;1031;ARE;EN;NA;6;7;3;7;8;8;8;6;9;6;6;3;6;2;15;70;15;;1;4;2;2;2;5;5;3;2;2;1;4;8;8;9;4;1;4;4;8;7;3;9;1;7;8;5;7;9;7;6;8;3;2;3;3;4;1;5;6;1;3;3;1;2;4;2;5;5;2;2;20;80;2;5;9;0.5;3 minutes;2;2;;21;1;0;4;;3;1;1;2;213;0
27/07/2020 11:27;1064;ARE;EN;8;2;7;4;7;8;4;8;4;8;9;9;7;9;9;40;25;35;;7;6;1;0;1;3;4;6;6;6;6;2;9;9;9;1;2;9;7;9;8;6;9;6;7;6;8;7;7;8;4;6;6;9;4;3;6;0;6;5;2;9;8;4;1;3;6;3;6;4;6;80;80;6;6;7;50;3 minutes;7h;2;;19;1;0;4;;4;1;1;2;213;0
05/08/2020 15:22;396;ARE;EN;7;8;7;9;9;10;10;8;6;10;NA;NA;NA;NA;NA;70;20;10;;9;8;NA;NA;NA;6;7;NA;NA;NA;NA;2;10;10;9;0;0;9;6;8;8;7;1;1;NA;NA;8;9;9;9;7;7;2;1;NA;NA;NA;NA;NA;NA;NA;NA;NA;NA;NA;NA;NA;NA;NA;NA;NA;70;10;4;14;NA;;;;NA;;NA;NA;NA;NA;;NA;NA;NA;NA;;NA
