,Source,Question,Response options,Years,N,b,R2,% of 89% HDI in ROPE,data_source,
1,Gallup,How would you rate the overall state of moral values in this country today?,"Excellent [4], Good [3], Only Fair [2], Poor [1]",2002-2020,"20,863",-0.006,0.002,100,"https://news.gallup.com/poll/1681/moral-issues.aspx, Roper Center iPoll Database",proprietary data
2,Gallup,"Next, we'd like to know how you feel about the state of the nation in each of the following areas. For each one, please say whether you are -- very satisfied, somewhat satisfied, somewhat dissatisfied or very dissatisfied. If you don't have enough information about a particular subject to rate it, just say so. How about -- the moral and ethical climate?","Very satisfied [4], Somewhat satisfied [3], Somewhat dissatisfied [2], Very dissatisfied [1]","2001-2008, 2012-2020","17,015",-0.01,0.008,100,https://www.gallup.com/analytics/213617/gallup-analytics.aspx,proprietary data
3,Gallup,"Which of the following things, if any, have you, personally, done in the past 12 months? How about Donated money to any other charitable cause","Yes [1], No [0]","2001, 2003, 2005, 2008, 2009a, 2009b, 2013, 2017, 2020","9,222",-0.02,0.002,100,Roper Center iPoll Database,proprietary data
4,Gallup,"Which of the following things, if any, have you, personally, done in the past 12 months? Given blood","Yes [1], No [0]","2001, 2003, 2005, 2008, 2013, 2017, 2020","7,131",-0.01,0.001,100,Roper Center iPoll Database,proprietary data
5,Gallup,"Which of the following things, if any, have you, personally, done in the past 12 months? Volunteered your time to any other charitable cause","Yes [1], No [0]","2001, 2003, 2005, 2008, 2009a, 2009b, 2013, 2017, 2020","9,222",0.006,0.0003,100,Roper Center iPoll Database,proprietary data
6,Gallup,"Does your supervisor always create an environment that is trusting and open, or not?  (asked only of those with a job and a supervisor)","Yes [1], No [0]","2008, 2009, 2010, 2011, 2012, 2013, 2014","957,762",0.02,0.0001,100,https://www.gallup.com/analytics/213617/gallup-analytics.aspx,proprietary data
7,Gallup,Do you feel safe walking alone at night in the city or area where you live?,"Yes [1], No [0]","2008, 2009, 2010, 2011, 2012, 2013","1,774,388",0.01,0.00005,100,https://www.gallup.com/analytics/213617/gallup-analytics.aspx,proprietary data
8,Gallup,"On a five-point scale, where 5 means strongly agree and 1 means strongly disagree, please rate your level of agreement with the following items. You always feel safe and secure.",1 [strongly disagree] - 5 [strongly agree],2014-2017,"691,671",0.001,0.000001,100,https://www.gallup.com/analytics/213617/gallup-analytics.aspx,proprietary data
9,Gallup,Have you done any of the following in the past month? How about volunteered your time to an organization?,"Yes [1], No [0]",2007-2019,"12,126",-0.02,0.001,100,https://www.gallup.com/analytics/213617/gallup-analytics.aspx,proprietary data
10,Gallup,"Within the last 12 months, have you had money or property stolen from you or another household member?","Yes [1], No [0]",2006-2019,"12,561",0.002,0.000007,100,https://www.gallup.com/analytics/213617/gallup-analytics.aspx,proprietary data
11,Gallup,"Now, please think about yesterday, from the morning until the end of the day. Think about where you were, what you were doing, who you were with, and how you felt. Were you treated with respect all day yesterday?","Yes [1], No [0]",2006-2019,"14,255",0.009,0.0002,100,https://www.gallup.com/analytics/213617/gallup-analytics.aspx,proprietary data
12,Gallup,Do you feel safe walking alone at night in the city or area where you live?,"Yes [1], No [0]",2006-2019,"12,505",-0.02,0.0007,100,https://www.gallup.com/analytics/213617/gallup-analytics.aspx,proprietary data
13,Gallup,"If you were in trouble, do you have relatives or friends you can count on to help you whenever you need them, or not?","Yes [1], No [0]","2006, 2008-2019","12,935",-0.04,0.004,100,https://www.gallup.com/analytics/213617/gallup-analytics.aspx,proprietary data
14,Gallup,"Please tell me which, if any, of these incidents have happened to you or your household within the last twelve months? Your house or apartment broken into.","Yes [1], No [0]",2000-2019,"19,348",-0.004,0.00006,100,"https://news.gallup.com/poll/1603/Crime.aspx, Roper Center iPoll Database","proprietary data. Note: Ns could not be located for all years. For those years where Ns were not available, the average N of all other years was used."
15,Gallup,"Within the past 12 months, have you been assaulted or mugged?","Yes [1], No [0]",2015-2019,"4,118",-0.11,0.002,87.59,https://www.gallup.com/analytics/213617/gallup-analytics.aspx,proprietary data
16,Gallup,"Next, I'm going to read some things people do because of their concern over crime. Please tell me which, if any, of these things you, yourself, do or have done. Keep a dog for protection.","Yes [1], No [0]","2000, 2001, 2002, 2003, 2005, 2007 ","6,064",-0.004,0.00002,100,"https://news.gallup.com/poll/1603/Crime.aspx, Roper Center iPoll Database","proprietary data. Note: Ns could not be located for all years. For those years where Ns were not available, the average N of all other years was used."
17,Gallup,Have you done any of the following in the past month? How about helped a stranger or someone you didn't know who needed help?,"Yes [1], No [0]",2007-2019,"12,126",0.0009,0.000002,100,https://www.gallup.com/analytics/213617/gallup-analytics.aspx,proprietary data
18,Gallup,"Next, I'm going to read some things people do because of their concern over crime. Please tell me which, if any, of these things you, yourself, do or have done. Avoid going to certain places or neighborhoods you might otherwise want to go to.","Yes [1], No [0]","2000, 2001, 2002, 2003, 2005, 2007","6,064",-0.01,0.0002,100,"https://news.gallup.com/poll/1603/Crime.aspx, Roper Center iPoll Database","proprietary data. Note: Ns could not be located for all years. For those years where Ns were not available, the average N of all other years was used."
19,Gallup,"Next, I'm going to read some things people do because of their concern over crime. Please tell me which, if any, of these things you, yourself, do or have done. Carry mace or pepper spray.","Yes [1], No [0]","2000, 2001, 2002, 2003, 2005, 2007","6,064",-0.03,0.0006,100,"https://news.gallup.com/poll/1603/Crime.aspx, Roper Center iPoll Database","proprietary data. Note: Ns could not be located for all years. For those years where Ns were not available, the average N of all other years was used."
20,Gallup,"Next, I'm going to read some things people do because of their concern over crime. Please tell me which, if any, of these things you, yourself, do or have done. Had a burglar alarm installed in your home.","Yes [1], No [0]","2000, 2001, 2002, 2003, 2005, 2007","6,064",0.06,0.004,100,"https://news.gallup.com/poll/1603/Crime.aspx, Roper Center iPoll Database","proprietary data. Note: Ns could not be located for all years. For those years where Ns were not available, the average N of all other years was used."
21,Gallup,"Next, I'm going to read some things people do because of their concern over crime. Please tell me which, if any, of these things you, yourself, do or have done. Carry a knife for defense.","Yes [1], No [0]","2000, 2001, 2002, 2003, 2005, 2007","6,064",0.03,0.001,100,"https://news.gallup.com/poll/1603/Crime.aspx, Roper Center iPoll Database","proprietary data. Note: Ns could not be located for all years. For those years where Ns were not available, the average N of all other years was used."
22,Gallup,"Next, I'm going to read some things people do because of their concern over crime. Please tell me which, if any, of these things you, yourself, do or have done. Carry a gun for defense.","Yes [1], No [0]","2000, 2001, 2002, 2003, 2005, 2007","6,064",0.005,0.00002,100,"https://news.gallup.com/poll/1603/Crime.aspx, Roper Center iPoll Database","proprietary data. Note: Ns could not be located for all years. For those years where Ns were not available, the average N of all other years was used."
23,Gallup,"Next, I'm going to read some things people do because of their concern over crime. Please tell me which, if any, of these things you, yourself, do or have done. Bought a gun for protection of yourself or your home.","Yes [1], No [0]","2000, 2001, 2002, 2003, 2005, 2007","6,064",-0.004,0.00002,100,"https://news.gallup.com/poll/1603/Crime.aspx, Roper Center iPoll Database","proprietary data. Note: Ns could not be located for all years. For those years where Ns were not available, the average N of all other years was used."
24,Gallup,"Have you, personally, EVER been the victim of a crime where you were physically harmed, or threatened with physical harm?","Yes [1], No [0]","2000, 2011","2,024",-0.02,0.001,100,"https://news.gallup.com/poll/1603/Crime.aspx, Roper Center iPoll Database","proprietary data. Note: Ns could not be located for all years. For those years where Ns were not available, the average N of all other years was used."
25,Gallup,"Next, I'm going to read a list of problems facing the country. For each one, please tell me if you personally worry about this problem a great deal, a fair amount, only a little or not at all? First, how much do you personally worry about crime and violence?","Great deal [4], fair amount [3], only a little [2], not at all [1]","2001-2008, 2010-2020","18,789",-0.005,0.001,100,Roper Center iPoll Database,proprietary data
26,Gallup,"Please tell me which, if any, of these incidents have happened to you or your household within the last twelve months? You or another household member had your computer or smartphone hacked and the information stolen by unauthorized persons.","Yes [1], No [0]","2003-2011, 2014","10,154",0.06,0.005,100,"https://news.gallup.com/poll/1603/Crime.aspx, Roper Center iPoll Database","proprietary data. * Less than 0.5%; 2001-2011 WORDING: ""...victim of a computer or Internet-based crime such as fraud or hacking, while using your home computer..."" Note: Ns could not be located for all years. For those years where Ns were not available, the average N of all other years was used."
27,Gallup,"Please tell me which, if any, of these incidents have happened to you or your household within the last twelve months? You or another household member had information from a credit card used at a store stolen by computer hackers.","Yes [1], No [0]",2014-2016,"3,049",-0.007,0.000005,100,"https://news.gallup.com/poll/1603/Crime.aspx, Roper Center iPoll Database","proprietary data. Note: Ns could not be located for all years. For those years where Ns were not available, the average N of all other years was used."
28,Gallup,"Please tell me which, if any, of these incidents have happened to you or your household within the last twelve months? You or another household member had personal, credit card or financial information stolen by computer hackers","Yes [1], No [0]",2017-2019,"3,089",-0.05,0.0003,100,"https://news.gallup.com/poll/1603/Crime.aspx, Roper Center iPoll Database","proprietary data. Note: Ns could not be located for all years. For those years where Ns were not available, the average N of all other years was used."
29,Gallup,"Please tell me which, if any, of these incidents have happened to you or your household within the last twelve months? You or another household member was the victim of identity theft.","Yes [1], No [0]","2009, 2010, 2011, 2013, 2015-2019 ","9,212",0.06,0.007,100,"https://news.gallup.com/poll/1603/Crime.aspx, Roper Center iPoll Database","proprietary data. Note: Ns could not be located for all years. For those years where Ns were not available, the average N of all other years was used."
30,Gallup,"Please tell me which, if any, of these incidents have happened to you or your household within the last twelve months? You or another household member was sexually assaulted.","Yes [1], No [0]","2000, 2002-2011, 2013-2019","18,337",0.01,0.0003,100,"https://news.gallup.com/poll/1603/Crime.aspx, Roper Center iPoll Database","proprietary data. Note: Ns could not be located for all years. For those years where Ns were not available, the average N of all other years was used."
31,Gallup,"Please tell me which, if any, of these incidents have happened to you or your household within the last twelve months? You or another household member mugged or physically assaulted.","Yes [1], No [0]","2000-2011, 2013-2019","19,348",-0.008,0.0003,100,"https://news.gallup.com/poll/1603/Crime.aspx, Roper Center iPoll Database","proprietary data. Note: Ns could not be located for all years. For those years where Ns were not available, the average N of all other years was used."
32,Gallup,"Please tell me which, if any, of these incidents have happened to you or your household within the last twelve months? Money or property taken from you or another household member by force, with gun, knife, weapon or physical attack, or by threat of force.","Yes [1], No [0]","2000-2011, 2013-2019","19,348",-0.002,0.00001,100,"https://news.gallup.com/poll/1603/Crime.aspx, Roper Center iPoll Database","proprietary data. Note: Ns could not be located for all years. For those years where Ns were not available, the average N of all other years was used."
33,Gallup,"Please tell me which, if any, of these incidents have happened to you or your household within the last twelve months? A home, car, or property owned by you or another household member vandalized.","Yes [1], No [0]","2000-2011, 2013-2019","19,348",-0.008,0.0003,100,"https://news.gallup.com/poll/1603/Crime.aspx, Roper Center iPoll Database","proprietary data. Note: Ns could not be located for all years. For those years where Ns were not available, the average N of all other years was used."
34,Gallup,"Please tell me which, if any, of these incidents have happened to you or your household within the last twelve months? A car owned by you or another household member stolen.","Yes [1], No [0]","2000-2011, 2013-2019","19,348",-0.02,0.001,100,"https://news.gallup.com/poll/1603/Crime.aspx, Roper Center iPoll Database","proprietary data. Note: Ns could not be located for all years. For those years where Ns were not available, the average N of all other years was used."
35,Gallup,"Please tell me which, if any, of these incidents have happened to you or your household within the last twelve months? Money or property stolen from you or another member of your household.","Yes [1], No [0]","2000-2011, 2013-2019","19,348",0.006,0.0002,100,"https://news.gallup.com/poll/1603/Crime.aspx, Roper Center iPoll Database","proprietary data. Note: Ns could not be located for all years. For those years where Ns were not available, the average N of all other years was used."
36,Gallup,"How often do you, yourself, worry about the following things -- frequently, occasionally, rarely or never? How about -- Having your email, passwords or electronic records hacked into?","Frequently [4], Occasionally [3], Rarely [2], Never [1]","2014, 2016","2,065",0.01,0.0001,100,"https://news.gallup.com/poll/1603/Crime.aspx, Roper Center iPoll Database","proprietary data. Note: Ns could not be located for all years. For those years where Ns were not available, the average N of all other years was used."
37,Gallup,"How often do you, yourself, worry about the following things -- frequently, occasionally, rarely or never? How about -- Having the credit card information you have used at stores stolen by computer hackers?","Frequently [4], Occasionally [3], Rarely [2], Never [1]",2014-2016,"3,080",-0.02,0.0001,100,"https://news.gallup.com/poll/1603/Crime.aspx, Roper Center iPoll Database","proprietary data. Note: Ns could not be located for all years. For those years where Ns were not available, the average N of all other years was used."
38,Gallup,"How often do you, yourself, worry about the following things -- frequently, occasionally, rarely or never? How about -- Having your personal, credit card, or financial information stolen by computer hackers?","Frequently [4], Occasionally [3], Rarely [2], Never [1]",2017-2019,"3,089",0.04,0.001,100,"https://news.gallup.com/poll/1603/Crime.aspx, Roper Center iPoll Database","proprietary data. Note: Ns could not be located for all years. For those years where Ns were not available, the average N of all other years was used."
39,Gallup,"How often do you, yourself, worry about the following things -- frequently, occasionally, rarely or never? How about -- Being a victim of identity theft?","Frequently [4], Occasionally [3], Rarely [2], Never [1]","2009, 2010, 2011, 2013, 2015-2019","9,212",0.003,0.00007,100,"https://news.gallup.com/poll/1603/Crime.aspx, Roper Center iPoll Database","proprietary data. Note: Ns could not be located for all years. For those years where Ns were not available, the average N of all other years was used."
40,Gallup,"How often do you, yourself, worry about the following things -- frequently, occasionally, rarely or never? How about -- Being a victim of terrorism?","Frequently [4], Occasionally [3], Rarely [2], Never [1]","2001-2011, 2013-2019 ","18,336",-0.02,0.01,100,"https://news.gallup.com/poll/1603/Crime.aspx, Roper Center iPoll Database","proprietary data. Note: Ns could not be located for all years. For those years where Ns were not available, the average N of all other years was used."
41,Gallup,"How often do you, yourself, worry about the following things -- frequently, occasionally, rarely or never? How about -- Being the victim of a hate crime?","Frequently [4], Occasionally [3], Rarely [2], Never [1]","2000, 2001, 2003-2011, 2013-2019","18,346",0.01,0.005,100,"https://news.gallup.com/poll/1603/Crime.aspx, Roper Center iPoll Database","proprietary data. Note: Ns could not be located for all years. For those years where Ns were not available, the average N of all other years was used."
42,Gallup,"How often do you, yourself, worry about the following things -- frequently, occasionally, rarely or never? How about -- Being attacked while driving your car?","Frequently [4], Occasionally [3], Rarely [2], Never [1]","2000, 2001, 2003-2011, 2013-2019","18,346",-0.008,0.002,100,"https://news.gallup.com/poll/1603/Crime.aspx, Roper Center iPoll Database","proprietary data. Note: Ns could not be located for all years. For those years where Ns were not available, the average N of all other years was used."
43,Gallup,"How often do you, yourself, worry about the following things -- frequently, occasionally, rarely or never? How about -- Having a school-aged child of yours physically harmed while attending school?","Frequently [4], Occasionally [3], Rarely [2], Never [1]","2000-2011, 2013-2019","19,348",-0.005,0.0008,100,"https://news.gallup.com/poll/1603/Crime.aspx, Roper Center iPoll Database","proprietary data. Note: Ns could not be located for all years. For those years where Ns were not available, the average N of all other years was used."
44,Gallup,"How often do you, yourself, worry about the following things -- frequently, occasionally, rarely or never? How about -- Being assaulted or killed by a coworker or other employee where you work?","Frequently [4], Occasionally [3], Rarely [2], Never [1]","2000-2011, 2013-2019","19,348",0.001,0.0001,100,"https://news.gallup.com/poll/1603/Crime.aspx, Roper Center iPoll Database","proprietary data. Note: Ns could not be located for all years. For those years where Ns were not available, the average N of all other years was used."
45,Gallup,"How often do you, yourself, worry about the following things -- frequently, occasionally, rarely or never? How about -- Having your car stolen or broken into?","Frequently [4], Occasionally [3], Rarely [2], Never [1]","2000-2011, 2013-2019","19,348",-0.005,0.0007,100,"https://news.gallup.com/poll/1603/Crime.aspx, Roper Center iPoll Database","proprietary data. Note: Ns could not be located for all years. For those years where Ns were not available, the average N of all other years was used."
46,Gallup,"How often do you, yourself, worry about the following things -- frequently, occasionally, rarely or never? How about -- Being sexually assaulted?","Frequently [4], Occasionally [3], Rarely [2], Never [1]","2000-2011, 2013-2019","19,796",-0.0004,0.000005,100,"https://news.gallup.com/poll/1603/Crime.aspx, Roper Center iPoll Database","proprietary data. Note: Ns could not be located for all years. For those years where Ns were not available, the average N of all other years was used."
47,Gallup,"How often do you, yourself, worry about the following things -- frequently, occasionally, rarely or never? How about -- Your home being burglarized when you are not there?","Frequently [4], Occasionally [3], Rarely [2], Never [1]","2000-2011, 2013-2019","19,796",-0.004,0.0006,100,"https://news.gallup.com/poll/1603/Crime.aspx, Roper Center iPoll Database","proprietary data. Note: Ns could not be located for all years. For those years where Ns were not available, the average N of all other years was used."
48,Gallup,"How often do you, yourself, worry about the following things -- frequently, occasionally, rarely or never? How about -- Your home being burglarized when you are there?","Frequently [4], Occasionally [3], Rarely [2], Never [1]","2000-2011, 2013-2019","19,796",-0.002,0.00008,100,"https://news.gallup.com/poll/1603/Crime.aspx, Roper Center iPoll Database","proprietary data. Note: Ns could not be located for all years. For those years where Ns were not available, the average N of all other years was used."
49,Gallup,"How often do you, yourself, worry about the following things -- frequently, occasionally, rarely or never? How about -- Getting murdered?","Frequently [4], Occasionally [3], Rarely [2], Never [1]","2000-2011, 2013-2019","19,796",0.004,0.0006,100,"https://news.gallup.com/poll/1603/Crime.aspx, Roper Center iPoll Database",proprietary data
50,Gallup,"How often do you, yourself, worry about the following things -- frequently, occasionally, rarely or never? How about -- Getting mugged?","Frequently [4], Occasionally [3], Rarely [2], Never [1]","2000-2011, 2013-2019","19,796",0.001,0.00007,100,"https://news.gallup.com/poll/1603/Crime.aspx, Roper Center iPoll Database","proprietary data. Note: Ns could not be located for all years. For those years where Ns were not available, the average N of all other years was used."
51,Gallup,"Overall, how would you describe the problem of crime in the area where you live -- is it extremely serious, very serious, moderately serious, not too serious or not serious at all?","Extremely [5]. Very [4], Somewhat [3], Not too [2], Not at all [1]","2000, 2003-2011, 2013-2019 ","17,819",0.002,0.0001,100,Roper Center iPoll Database,"proprietary data. Note: Ns could not be located for all years. For those years where Ns were not available, the average N of all other years was used."
52,Gallup,"Overall, how would you describe the problem of crime in the United States -- is it extremely serious, very serious, moderately serious, not too serious or not serious at all?","Extremely [5]. Very [4], Somewhat [3], Not too [2], Not at all [1]","2000, 2003-2011, 2013-2019","18,025",-0.0002,0.000002,100,Roper Center iPoll Database,"proprietary data. Note: Ns could not be located for all years. For those years where Ns were not available, the average N of all other years was used."
53,Gallup,"Is there any area near where you live -- that is, within a mile -- where you would be afraid to walk alone at night?","Yes [1], No [0]","1965, 1967, 1968, 1972, 1975, 1977, 1979, 1981, 1982, 1983, 1989, 1990, 1992, 1993, 1994, 1996, 1997, 2000-2011, 2013-2019","37,882",-0.006,0.002,100,"https://news.gallup.com/poll/1603/Crime.aspx, Roper Center iPoll Database",proprietary data
54,General Social Survey,"Now I''m going to read you a list of statements that might or might not describe your main job. Please tell me whether you strongly agree, agree, disagree, or strongly disagree with each of these statements.
I. At the place where I work, I am treated with respect","Strongly agree [5], Agree [4], Neither agree nor disagree [3], Disagree [2], Strongly disagree [1]","2002, 2006, 2010, 2014, 2018","7,301",-0.004,0.001,100,https://gss.norc.org/,
55,General Social Survey,"Would you say that most of the time people try to be helpful, or that they are mostly just looking out for themselves?","Helpful [1], Depends [2], Looking out for self [3]","1972, 1973, 1975, 1976, 1978, 1980, 1983, 1984, 1986, 1987, 1988, 1990, 1991, 1993, 1994, 1996, 1998, 2000, 2002, 2004, 2006, 2008, 2010, 2012, 2014, 2016, 2018","41,009",0.002,0.0006,100,https://gss.norc.org/,
56,General Social Survey,"Please tell me whether you strongly agree, agree, neither agree nor disagree, disagree, or strongly disagree with the following statements:
A. People should be willing to help others who are less fortunate","Strongly agree [5], Agree [4], Neither agree nor disagree [3], Disagree [2], Strongly disagree [1]","2002, 2004, 2012, 2014","5,248",0.001,0.00006,100,https://gss.norc.org/,
57,General Social Survey,"Now I''m going to read you another list of statements about your main job. For each, please tell me if the statement is very true, somewhat true, not too true, or not at all true with respect to the work you do.
N. The people I work with can be relied on when I need help","Very true [4], Somewhat true [3], Not too true [2], Not at all true [1]","2002, 2006, 2010, 2014, 2018","7,235",-0.001,0.0001,100,https://gss.norc.org/,
58,General Social Survey,"During the past 12 months, how often have you done each of the following things:
D. Allowed a stranger to go ahead of you in line","More than once a week [6], Once a week [5], Once a month [4], At least 2-3 times in the past year [3], Once in the past year [2], Not at all [1]","2002, 2004, 2012, 2014","4,916",0.003,0.0002,100,https://gss.norc.org/,
59,General Social Survey,"During the past 12 months, how often have you done each of the following things:
G. Offered your seat on a bus or in a public place to a stranger who was standing","More than once a week [6], Once a week [5], Once a month [4], At least 2-3 times in the past year [3], Once in the past year [2], Not at all [1]","2002, 2004, 2012, 2014","5,138",0.0006,0.000006,100,https://gss.norc.org/,
60,General Social Survey,"During the past 12 months, how often have you done each of the following things:
I. Carried a stranger's belongings, like groceries, a suitcase, or shopping bag","More than once a week [6], Once a week [5], Once a month [4], At least 2-3 times in the past year [3], Once in the past year [2], Not at all [1]","2002, 2004, 2012, 2014","5,157",0.003,0.0001,100,https://gss.norc.org/,
61,General Social Survey,"During the past 12 months, how often have you done each of the following things:
J. Given directions to a stranger","More than once a week [6], Once a week [5], Once a month [4], At least 2-3 times in the past year [3], Once in the past year [2], Not at all [1]","2002, 2004, 2012, 2014","4,978",-0.001,0.003,100,https://gss.norc.org/,
62,General Social Survey,"During the past 12 months, how often have you done each of the following things:
A. Donated blood","More than once a week [6], Once a week [5], Once a month [4], At least 2-3 times in the past year [3], Once in the past year [2], Not at all [1]","2002, 2004, 2012, 2014","5,257",-0.01,0.004,100,https://gss.norc.org/,
63,General Social Survey,"During the past 12 months, how often have you done each of the following things:
B. Given food or money to a homeless person","More than once a week [6], Once a week [5], Once a month [4], At least 2-3 times in the past year [3], Once in the past year [2], Not at all [1]","2002, 2004, 2012, 2014","5,091",0.01,0.002,100,https://gss.norc.org/,
64,General Social Survey,"During the past 12 months, how often have you done each of the following things:
C. Returned money to a cashier after getting too much change","More than once a week [6], Once a week [5], Once a month [4], At least 2-3 times in the past year [3], Once in the past year [2], Not at all [1]","2002, 2004, 2012, 2014","5,181",-0.02,0.01,100,https://gss.norc.org/,
65,General Social Survey,"During the past 12 months, how often have you done each of the following things:
E. Done volunteer work for a charity","More than once a week [6], Once a week [5], Once a month [4], At least 2-3 times in the past year [3], Once in the past year [2], Not at all [1]","2002, 2004, 2012, 2014","5,084",0.005,0.0003,100,https://gss.norc.org/,
66,General Social Survey,"During the past 12 months, how often have you done any of the following things for people you know personally, such as relatives, friends, neighbors or other acquaintances? 
B. Lent quite a bit of money to another person","More than once a week [6], Once a week [5], Once a month [4], At least 2-3 times in the past year [3], Once in the past year [2], Not at all [1]","2002, 2004, 2012, 2014","4,041",-0.02,0.005,100,https://gss.norc.org/,
67,General Social Survey,"During the past 12 months, how often have you done each of the following things:
K. Let someone you didn''t know well borrow a item of some value like dishes or tools.","More than once a week [6], Once a week [5], Once a month [4], At least 2-3 times in the past year [3], Once in the past year [2], Not at all [1]","2002, 2004, 2012, 2014","5,198",-0.004,0.0003,100,https://gss.norc.org/,
68,General Social Survey,"During the past 12 months, how often have you done each of the following things:
H. Looked after a person''s plants, mail, or pets while they were away","More than once a week [6], Once a week [5], Once a month [4], At least 2-3 times in the past year [3], Once in the past year [2], Not at all [1]","2002, 2004, 2012, 2014","5,149",-0.01,0.002,100,https://gss.norc.org/,
69,General Social Survey,"The following are things that you may experience in your daily life. Please tell me how often these occur.
A. I feel a selfless caring for others.","Many times a day [6], Every day [5], Most days [4], Some days [3], Once in a while [2], Never or almost never [1]","2002, 2004, 2012, 2014","5,151",-0.0002,0.0000004,100,https://gss.norc.org/,
70,General Social Survey,"Please tell me whether you strongly agree, agree, neither agree nor disagree, disagree, or strongly disagree with the following statements:
C. Personally assisting people in trouble is very important to me","Strongly agree [5], Agree [4], Neither agree nor disagree [3], Disagree [2], Strongly disagree [1]","2002, 2004, 2012, 2014","5,247",0.005,0.001,100,https://gss.norc.org/,
71,General Social Survey,"Is there any area right around here--that is, within a mile--where you would be afraid to walk alone at night?","Yes [1], No [0]","1973, 1974, 1976, 1977, 1980, 1982, 1984, 1985, 1987, 1988, 1990, 1991, 1993, 1994, 1996, 1998, 2000, 2002, 2004, 2006, 2008, 2010, 2012, 2014, 2016, 2018 ","39,441",-0.01,0.005,100,https://gss.norc.org/,
72,General Social Survey,Other people take credit for my work or ideas.,"Often [4], Sometimes [3], Rarely [2], Never [1]","2004, 2012","2,931",0.03,0.008,100,https://gss.norc.org/,
73,General Social Survey,"D. People at work treat me in a manner that puts me down or address me in unprofessional terms, either publicly or privately.","Often [4], Sometimes [3], Rarely [2], Never [1]","2004, 2012","2,937",0.006,0.0008,100,https://gss.norc.org/,
74,General Social Survey,"H. People at work throw things, slam doors, or hit objects when they are upset with me.","Often [4], Sometimes [3], Rarely [2], Never [1]","2004, 2012","2,942",-0.003,0.0003,100,https://gss.norc.org/,
75,General Social Survey,I. People at work shout or yell at me in a hostile manner.,"Often [4], Sometimes [3], Rarely [2], Never [1]","2004, 2012","2,940",0.006,0.001,100,https://gss.norc.org/,
76,General Social Survey,"M. At work, people are treated with respect.","Strongly agree [4], Agree [3], Disagree [2], Strongly disagree [1]","2004, 2012","2,939",-0.006,0.001,100,https://gss.norc.org/,
77,General Social Survey,"N. In my workplace, people ""look the other way"" when others are threatened, intimidated, or put down.","Strongly agree [4], Agree [3], Disagree [2], Strongly disagree [1]","2004, 2012","2,887",0.06,0.09,100,https://gss.norc.org/,
78,General Social Survey,"Generally speaking, would you say that people can be trusted or that you can't be too careful in dealing with people?","Can trust [3], Depends [2], Can't be too careful [1]","1972, 1973, 1975, 1976, 1980, 1983, 1984, 1986, 1987, 1988, 1990, 1991, 1993, 1994, 1996, 1998, 2000, 2002, 2004, 2006, 2008, 2010, 2012, 2014","41,258",-0.006,0.008,100,https://gss.norc.org/,
79,General Social Survey,"Now, I'm going to ask you about various events and conditions that happen to people. I'm interested in those that happened to you during the last 12 months, that is since (CURRENT MONTH), (1990/2003). As I ask you about the specific events, please think carefully, so I can record things accurately.
F. Next, did any of the following criminal or legal events occur to you since (CURRENT MONTH), (1990/2003)...
1. A robbery (e.g. a mugging or stick-up).","1 = yes, 2 = no","1991, 2004","2,341",0.0002,-0.0004,100,https://gss.norc.org/,
80,General Social Survey,"During the past 12 months, how often have you done any of the following things for people you know personally, such as relatives, friends, neighbors or other acquaintances? 
A. Helped someone outside of your household with housework or shopping","More than once a week [6], Once a week [5], Once a month [4], At least two or three times in the past year [3], Once in the past year [2], Not at all in the past year [1]","2002, 2004, 2012, 2014","5,042",-0.05,0.03,100,https://gss.norc.org/,
81,General Social Survey,"During the past 12 months, how often have you done any of the following things for people you know personally, such as relatives, friends, neighbors or other acquaintances?
C. Spent time talking with someone who was a bit down or depressed","More than once a week [6], Once a week [5], Once a month [4], At least two or three times in the past year [3], Once in the past year [2], Not at all in the past year [1]","2002, 2004, 2012, 2014","5,043",-0.02,0.004,100,https://gss.norc.org/,
82,General Social Survey,"During the past 12 months, how often have you done any of the following things for people you know personally, such as relatives, friends, neighbors or other acquaintances? 
D. Helped somebody to find a job","More than once a week [6], Once a week [5], Once a month [4], At least two or three times in the past year [3], Once in the past year [2], Not at all in the past year [1]","2002, 2004, 2012, 2014","5,047",0.001,0.00003,100,https://gss.norc.org/,
83,General Social Survey,"There are different opinions as to what it takes to be a good citizen. As far as you are concerned personally on a scale of 1 to 7, where 1 is not at all important and 7 is very important, how important is it‚Ä¶ 
H. To help people in America who are worse off than yourself",1 [not at all important] - 7 [very important],"2004, 2014","2,712",-0.02,0.005,100,https://gss.norc.org/,
84,General Social Survey,"There are different opinions as to what it takes to be a good citizen. As far as you are concerned personally on a scale of 1 to 7, where 1 is not at all important and 7 is very important, how important is it‚Ä¶
 I. To help people in the rest of the world who are worse off than yourself",1 [not at all important] - 7 [very important],"2004, 2014","2,689",-0.02,0.003,100,https://gss.norc.org/,
85,General Social Survey,"During the past 12 months, how often have you done each of the following things: 
F. Given money to a charity","More than once a week [6], Once a week [5], Once a month [4], At least two or three times in the past year [3], Once in the past year [2], Not at all in the past year [1]","2002, 2004, 2012, 2014","3,568",-0.02,0.005,100,https://gss.norc.org/,
86,KRC Research,"Generally speaking, do you believe there is a major problem, minor problem, or not much of a problem with the general tone and level of civility in the country today?","Major problem [3], Minor problem [2], Not much of a problem [1]","2010-2017, 2019",9192,0.006,0.0008,100,https://www.webershandwick.com/news/civility-in-america-2019-solutions-for-tomorrow/,
87,KRC Research,"In an average 7-day week, how many times would you say you encounter incivility, in your in-person interactions with people and online in social networks [2016-2019: ""and in your online interactions with people]? Please use your best estimate. IN-PERSON INTERACTIONS.","0, 1-5, 6-10, 11-15, 16+","2013-2017, 2019",5628,-0.13,0.005,100,https://www.webershandwick.com/news/civility-in-america-2019-solutions-for-tomorrow/,
88,KRC Research,"In an average 7-day week, how many times would you say you encounter incivility, in your in-person interactions with people and online in social networks [2016-2019: ""and in your online interactions with people]? Please use your best estimate. ONLINE INTERACTIONS.","0, 1-5, 6-10, 11-15, 16+","2013-2017, 2019",5628,0.03,0.0002,100,https://www.webershandwick.com/news/civility-in-america-2019-solutions-for-tomorrow/,
89,KRC Research,[ASKED OF THOSE EMPLOYED] How would you describe the general tone and level of civility in your place of employment?,"Very civil [4], Somewhat civil [3], Somewhat uncivil [2], Very uncivil [1]","2016, 2017, 2019",1606,-0.002,0.00001,100,https://www.webershandwick.com/news/civility-in-america-2019-solutions-for-tomorrow/,
90,KRC Research,"Which of the following, if any, have you personally experienced? [instances of incvility]","Any [1], None [0]",2011-2016,"6,134",-0.04,0.0007,100,https://www.webershandwick.com/news/civility-in-america-2019-solutions-for-tomorrow/,
91,World Values Survey,"Generally speaking, would you say that most people can be trusted or that you need to be very careful in dealing with people?","Can't be too careful [1], Most people can be trusted [0]","1981, 1995, 1999, 2001, 2006, 2011, 2017","8,902",0.003,0.003,100,https://www.worldvaluessurvey.org/wvs.jsp,
92,World Values Survey,"Here is a list of qualities that children can be encouraged to learn at home. Which, if any, do you consider to be especially important? Please choose up to five. UNSELFISHNESS","Not mentioned [0], Mentioned as important [1]","1981, 1995, 1999, 2001, 2006, 2011, 2017","14,154",0.002,0.001,100,https://www.worldvaluessurvey.org/wvs.jsp,
93,World Values Survey,How much respect is there for individual human rights nowadays (in our country)?. Do you feel there is:,"A great deal of respect for individual human rights [1], Fairly much respect [2], Not much respect [3], No respect at all [4]","1999, 2001, 2006, 2011, 2017","8,304",0.02,0.005,100,https://www.worldvaluessurvey.org/wvs.jsp,
94,World Values Survey,"Here is a list of qualities that children can be encouraged to learn at home. Which, if any, do you consider to be especially important? Please choose up to five. TOLERANCE","Not mentioned [0], Mentioned as important [1]","1981, 1995, 1999, 2001, 2006, 2011, 2017","14,154",0.004,0.004,100,https://www.worldvaluessurvey.org/wvs.jsp,
95,World Values Survey,"I'd like to ask you how much you trust people from various groups. Could you tell me for each whether you trust people from this group completely, somewhat, not very much or not at all? People of another religion.","Trust completely [1], Trust somewhat [2], Don't trust very much [3], Do not trust at all [4]","2006, 2011, 2017",5932,0.02,0.001,100,https://www.worldvaluessurvey.org/wvs.jsp,
96,World Values Survey,"I'd like to ask you how much you trust people from various groups. Could you tell me for each whether you trust people from this group completely, somewhat, not very much or not at all? People of another nationality.","Trust completely [1], Trust somewhat [2], Don't trust very much [3], Do not trust at all [4]","2006, 2011, 2017",5921,-0.006,0.0002,100,https://www.worldvaluessurvey.org/wvs.jsp,
97,World Values Survey,"I'd like to ask you how much you trust people from various groups. Could you tell me for each whether you trust people from this group completely, somewhat, not very much or not at all? People you know personally.","Trust completely [1], Trust somewhat [2], Don't trust very much [3], Do not trust at all [4]","2006, 2011, 2017",5958,0.003,0.00009,100,https://www.worldvaluessurvey.org/wvs.jsp,
98,World Values Survey,"I'd like to ask you how much you trust people from various groups. Could you tell me for each whether you trust people from this group completely, somewhat, not very much or not at all? People you meet for the first time.","Trust completely [1], Trust somewhat [2], Don't trust very much [3], Do not trust at all [4]","2006, 2011, 2017",5971,0.002,0.00001,100,https://www.worldvaluessurvey.org/wvs.jsp,
99,World Values Survey,"I'd like to ask you how much you trust people from various groups. Could you tell me for each whether you trust people from this group completely, somewhat, not very much or not at all? Your neighborhood.","Trust completely [1], Trust somewhat [2], Don't trust very much [3], Do not trust at all [4]","2006, 2011, 2017",5965,0.008,0.0003,100,https://www.worldvaluessurvey.org/wvs.jsp,
100,World Values Survey,"I'd like to ask you how much you trust people from various groups. Could you tell me for each whether you trust people from this group completely, somewhat, not very much or not at all? Your family.","Trust completely [1], Trust somewhat [2], Don't trust very much [3], Do not trust at all [4]","2006, 2011, 2017",5978,0.02,0.003,100,https://www.worldvaluessurvey.org/wvs.jsp,
101,World Values Survey,"Do you think most people would try to take advantage of you if they got a chance, or would they try to be fair? Please show your response on this card, where 1 means that ‚Äúpeople would try to take advantage of you,‚Äù and 10 means that ‚Äúpeople would try to be fair‚Äù:",Most people try to take advantage of me [1] - Most people try to be fair [10],"2006, 2011",3436,0.001,0.00003,100,https://www.worldvaluessurvey.org/wvs.jsp,
102,European Values Study,"Here is a list of qualities which children can be encouraged to learn at home. Which, if any, do you consider to be especially important? Please choose up to five. Tolerance and respect for other people",[participants could choose the quality from the list or not],1981-2017 (but varies by country),4164,0.02,0.02,100,https://europeanvaluesstudy.eu/,
103,European Values Study,"Here is a list of qualities which children can be encouraged to learn at home. Which, if any, do you consider to be especially important? Please choose up to five. Unselfishness",[participants could choose the quality from the list or not],1981-2017 (but varies by country),4164,0.02,0.02,100,https://europeanvaluesstudy.eu/,
104,European Values Study,"Please look carefully at the following list of voluntary organisations and activities and say ... b) which, if any, are you currently doing unpaid voluntary work for? Social welfare services for elderly, handicapped or deprived people","[participants could indicate they currently do unpaid work, or not]",1981-2017 (but varies by country),4164,-0.0008,-0.00006,100,https://europeanvaluesstudy.eu/,
105,European Values Study,"Please look carefully at the following list of voluntary organisations and activities and say ... b) which, if any, are you currently doing unpaid voluntary work for? And do you currently do any unpaid work for any of them? Third world development or human rights","[participants could indicate they currently do unpaid work, or not]",1981-2017 (but varies by country),4164,-0.001,0.001,100,https://europeanvaluesstudy.eu/,
106,European Values Study,"Generally speaking, would you say that most people can be trusted or that you can't be too careful in dealing with people?","Most people can be trusted (recoded as 1), can't be too careful (recoded as 0)",1981-2017 (but varies by country),4041,0.01,0.008,100,https://europeanvaluesstudy.eu/,
107,European Values Study,Here are some aspects of a job that people say are important. Please look at them and tell me which ones you personally think are important in a job? A useful job for society,[participants could choose the quality from the list or not],1981-2017 (but varies by country),4164,-0.002,-0.0001,100,https://europeanvaluesstudy.eu/,